kód,obec,kraj,počet obyv.,datum,datum-7,"dnes (ČR: 2,6)",dnes,dnes-7,změna,week_0,week_1,week_2,week_3,week_4,week_5,week_6,week_7,week_8,week_9,week_10,week_11,week_12,week_13,week_14,week_15,week_16,week_17,week_18,week_19,week_20,week_21,week_22,week_23,week_24,week_25,week_26,week_27,week_28,week_29,week_30,week_31,week_32,week_33,week_34,week_35,week_36,week_37,week_38,week_39,week_40,week_41,week_42,week_43,week_44,week_45,week_46,week_47,week_48,week_49,week_50,30.9.25,7.10.25,14.10.25,21.10.25,28.10.25,4.11.25,11.11.25,18.11.25,25.11.25,2.12.25,9.12.25,16.12.25,23.12.25,30.12.25,6.1.26,13.1.26,20.1.26,27.1.26,3.2.26,10.2.26,17.2.26,24.2.26,3.3.26,10.3.26,17.3.26,24.3.26,31.3.26,7.4.26,14.4.26,21.4.26,28.4.26,5.5.26,12.5.26,19.5.26,26.5.26,2.6.26,9.6.26,16.6.26,23.6.26,30.6.26,7.7.26,14.7.26,21.7.26,28.7.26,4.8.26,11.8.26,18.8.26,25.8.26,1.9.26,8.9.26,15.9.26,22.9.26,23.9.26,24.9.26,25.9.26,26.9.26,27.9.26,28.9.26,29.9.26
1000,Praha,10,1357326,29. 9. 2026,22. 9. 2026,"3,0","3,0","3,2","-0,2",100,97,76,54,35,39,22,17,17,23,24,23,20,10,8,8,9,9,6,8,6,7,4,4,3,1,1,1,2,1,2,0,1,1,1,1,1,1,1,1,1,1,1,2,1,1,1,2,1,4,3,"39,3","38,3","29,8","21,4","13,9","15,4","8,5","6,9","6,6","9,1","9,4","8,9","8,0","3,8","3,0","3,1","3,7","3,5","2,5","3,2","2,4","2,7","1,7","1,6","1,3","0,5","0,4","0,5","0,9","0,3","0,7","0,0","0,2","0,4","0,3","0,4","0,2","0,3","0,3","0,6","0,2","0,2","0,6","0,9","0,6","0,6","0,4","0,9","0,6","1,6","1,3","3,2","3,6","3,8","3,3","3,4","3,4","2,5","3,0"
2001,Benešov,20,63219,29. 9. 2026,22. 9. 2026,"1,6","1,6","0,0","1,6",100,82,71,76,41,29,24,18,18,24,41,18,12,0,0,6,6,0,0,0,18,6,0,0,0,0,0,6,0,0,0,0,0,0,6,6,0,0,0,0,0,0,0,0,0,0,0,0,0,6,0,"26,9","22,1","19,0","20,6","11,1","7,9","6,3","4,7","4,7","6,3","11,1","4,7","3,2","0,0","0,0","1,6","1,6","0,0","0,0","0,0","4,7","1,6","0,0","0,0","0,0","0,0","0,0","1,6","0,0","0,0","0,0","0,0","0,0","0,0","1,6","1,6","0,0","0,0","0,0","0,0","0,0","0,0","0,0","0,0","0,0","0,0","0,0","0,0","0,0","1,6","0,0","0,0","1,6","1,6","1,6","1,6","1,6","1,6","1,6"
2002,Beroun,20,69040,29. 9. 2026,22. 9. 2026,"0,0","0,0","1,4","-1,4",100,88,72,59,22,38,28,22,31,19,47,47,38,6,9,25,19,9,19,9,6,9,0,6,3,0,3,0,0,0,0,0,0,0,0,0,0,0,0,0,3,0,3,0,0,3,0,0,0,0,3,"46,3","40,6","33,3","27,5","10,1","17,4","13,0","10,1","14,5","8,7","21,7","21,7","17,4","2,9","4,3","11,6","8,7","4,3","8,7","4,3","2,9","4,3","0,0","2,9","1,4","0,0","1,4","0,0","0,0","0,0","0,0","0,0","0,0","0,0","0,0","0,0","0,0","0,0","0,0","0,0","1,4","0,0","1,4","0,0","0,0","1,4","0,0","0,0","0,0","0,0","1,4","1,4","1,4","1,4","0,0","0,0","0,0","0,0","0,0"
2003,Brandýs nad Labem-Stará Boleslav,20,120779,29. 9. 2026,22. 9. 2026,"4,1","4,1","2,5","1,7",96,100,43,32,34,50,16,9,25,18,23,23,20,12,0,11,5,7,7,4,9,9,2,5,2,0,2,2,0,0,0,0,0,2,0,0,0,0,0,0,2,0,0,0,0,0,0,0,0,2,5,"44,7","46,4","19,9","14,9","15,7","23,2","7,5","4,1","11,6","8,3","10,8","10,8","9,1","5,8","0,0","5,0","2,5","3,3","3,3","1,7","4,1","4,1","0,8","2,5","0,8","0,0","0,8","0,8","0,0","0,0","0,0","0,0","0,0","0,8","0,0","0,0","0,0","0,0","0,0","0,0","0,8","0,0","0,0","0,0","0,0","0,0","0,0","0,0","0,0","0,8","2,5","2,5","2,5","2,5","3,3","3,3","3,3","1,7","4,1"
2004,Čáslav,20,26427,29. 9. 2026,22. 9. 2026,"0,0","0,0","0,0","0,0",70,100,59,22,30,19,15,4,7,7,30,11,11,7,7,4,7,4,0,0,0,0,0,0,0,0,0,0,0,0,0,0,0,0,0,4,0,0,0,0,0,0,0,0,0,0,0,0,0,0,0,"71,9","102,2","60,5","22,7","30,3","18,9","15,1","3,8","7,6","7,6","30,3","11,4","11,4","7,6","7,6","3,8","7,6","3,8","0,0","0,0","0,0","0,0","0,0","0,0","0,0","0,0","0,0","0,0","0,0","0,0","0,0","0,0","0,0","0,0","0,0","3,8","0,0","0,0","0,0","0,0","0,0","0,0","0,0","0,0","0,0","0,0","0,0","0,0","0,0","0,0","0,0","0,0","0,0","0,0","0,0","0,0","0,0","0,0","0,0"
2005,Černošice,20,158235,29. 9. 2026,22. 9. 2026,"3,2","3,2","1,9","1,3",100,82,77,51,41,21,22,10,17,23,28,26,29,13,14,10,15,9,18,9,15,3,3,3,3,3,1,1,1,0,0,1,0,0,0,0,0,1,1,1,0,1,3,0,1,4,0,1,0,3,6,"49,3","40,4","37,9","25,3","20,2","10,1","10,7","5,1","8,2","11,4","13,9","12,6","14,5","6,3","7,0","5,1","7,6","4,4","8,8","4,4","7,6","1,3","1,3","1,3","1,3","1,3","0,6","0,6","0,6","0,0","0,0","0,6","0,0","0,0","0,0","0,0","0,0","0,6","0,6","0,6","0,0","0,6","1,3","0,0","0,6","1,9","0,0","0,6","0,0","1,3","3,2","1,9","2,5","2,5","3,2","3,2","3,2","1,9","3,2"
2006,Český Brod,20,20725,29. 9. 2026,22. 9. 2026,"0,0","0,0","0,0","0,0",68,100,50,18,14,18,27,27,5,64,9,14,27,18,0,5,0,14,0,0,0,5,9,5,0,0,0,0,0,9,0,0,0,0,0,0,0,0,0,0,0,0,0,0,5,0,0,0,0,0,5,"72,4","106,2","53,1","19,3","14,5","19,3","29,0","29,0","4,8","67,6","9,7","14,5","29,0","19,3","0,0","4,8","0,0","14,5","0,0","0,0","0,0","4,8","9,7","4,8","0,0","0,0","0,0","0,0","0,0","9,7","0,0","0,0","0,0","0,0","0,0","0,0","0,0","0,0","0,0","0,0","0,0","0,0","0,0","0,0","4,8","0,0","0,0","0,0","0,0","0,0","4,8","0,0","0,0","0,0","0,0","0,0","0,0","0,0","0,0"
2007,Dobříš,20,23935,29. 9. 2026,22. 9. 2026,"0,0","0,0","0,0","0,0",100,96,65,35,26,35,17,22,35,30,9,9,4,4,4,0,30,4,22,13,22,0,0,4,4,0,0,0,4,0,0,0,0,0,0,0,0,0,0,0,0,0,0,0,0,0,0,0,0,4,0,"96,1","91,9","62,7","33,4","25,1","33,4","16,7","20,9","33,4","29,2","8,4","8,4","4,2","4,2","4,2","0,0","29,2","4,2","20,9","12,5","20,9","0,0","0,0","4,2","4,2","0,0","0,0","0,0","4,2","0,0","0,0","0,0","0,0","0,0","0,0","0,0","0,0","0,0","0,0","0,0","0,0","0,0","0,0","0,0","0,0","0,0","0,0","0,0","0,0","4,2","0,0","0,0","0,0","0,0","0,0","0,0","0,0","0,0","0,0"
2008,Hořovice,20,31477,29. 9. 2026,22. 9. 2026,"3,2","3,2","0,0","3,2",100,86,71,57,43,0,14,29,14,0,57,50,29,7,14,0,7,0,0,0,7,7,7,0,0,0,0,7,0,0,0,0,0,0,0,0,0,0,0,0,0,0,0,0,0,0,0,0,0,0,0,"44,5","38,1","31,8","25,4","19,1","0,0","6,4","12,7","6,4","0,0","25,4","22,2","12,7","3,2","6,4","0,0","3,2","0,0","0,0","0,0","3,2","3,2","3,2","0,0","0,0","0,0","0,0","3,2","0,0","0,0","0,0","0,0","0,0","0,0","0,0","0,0","0,0","0,0","0,0","0,0","0,0","0,0","0,0","0,0","0,0","0,0","0,0","0,0","0,0","0,0","0,0","0,0","0,0","0,0","3,2","3,2","3,2","3,2","3,2"
2009,Kladno,20,126779,29. 9. 2026,22. 9. 2026,"5,5","5,5","3,9","1,6",99,100,63,61,10,27,15,13,13,16,18,22,24,13,12,4,9,6,1,16,7,3,3,4,3,1,1,0,0,0,4,0,0,0,0,0,0,0,0,0,0,1,0,0,0,0,0,1,1,0,6,"52,1","52,8","33,1","32,3","5,5","14,2","7,9","7,1","7,1","8,7","9,5","11,8","12,6","7,1","6,3","2,4","4,7","3,2","0,8","8,7","3,9","1,6","1,6","2,4","1,6","0,8","0,8","0,0","0,0","0,0","2,4","0,0","0,0","0,0","0,0","0,0","0,0","0,0","0,0","0,0","0,0","0,8","0,0","0,0","0,0","0,0","0,0","0,8","0,8","0,0","3,2","3,9","4,7","5,5","4,7","4,7","4,7","3,9","5,5"
2010,Kolín,20,86543,29. 9. 2026,22. 9. 2026,"2,3","2,3","1,2","1,2",100,100,46,71,46,93,21,25,14,18,36,4,39,7,21,18,18,7,4,7,7,11,0,7,0,4,11,0,0,0,0,4,0,0,0,0,0,0,0,0,0,0,0,0,4,0,4,0,0,0,4,"32,4","32,4","15,0","23,1","15,0","30,0","6,9","8,1","4,6","5,8","11,6","1,2","12,7","2,3","6,9","5,8","5,8","2,3","1,2","2,3","2,3","3,5","0,0","2,3","0,0","1,2","3,5","0,0","0,0","0,0","0,0","1,2","0,0","0,0","0,0","0,0","0,0","0,0","0,0","0,0","0,0","0,0","0,0","0,0","1,2","0,0","1,2","0,0","0,0","0,0","1,2","1,2","1,2","2,3","2,3","2,3","2,3","1,2","2,3"
2011,Kralupy nad Vltavou,20,34023,29. 9. 2026,22. 9. 2026,"0,0","0,0","2,9","-2,9",100,58,63,47,21,47,37,21,16,42,37,32,16,16,11,0,11,5,0,0,0,11,0,11,16,11,5,0,0,0,0,0,0,0,0,0,0,0,0,0,0,0,0,0,0,0,0,0,5,0,0,"55,8","32,3","35,3","26,5","11,8","26,5","20,6","11,8","8,8","23,5","20,6","17,6","8,8","8,8","5,9","0,0","5,9","2,9","0,0","0,0","0,0","5,9","0,0","5,9","8,8","5,9","2,9","0,0","0,0","0,0","0,0","0,0","0,0","0,0","0,0","0,0","0,0","0,0","0,0","0,0","0,0","0,0","0,0","0,0","0,0","0,0","0,0","0,0","2,9","0,0","0,0","2,9","2,9","2,9","0,0","0,0","0,0","0,0","0,0"
2012,Kutná Hora,20,51645,29. 9. 2026,22. 9. 2026,"3,9","3,9","3,9","0,0",65,87,100,65,13,22,35,26,13,39,35,17,22,4,4,4,13,17,0,9,13,0,4,9,4,0,4,0,4,0,0,0,0,0,0,0,0,0,0,0,0,0,0,0,0,0,13,0,0,0,0,"29,0","38,7","44,5","29,0","5,8","9,7","15,5","11,6","5,8","17,4","15,5","7,7","9,7","1,9","1,9","1,9","5,8","7,7","0,0","3,9","5,8","0,0","1,9","3,9","1,9","0,0","1,9","0,0","1,9","0,0","0,0","0,0","0,0","0,0","0,0","0,0","0,0","0,0","0,0","0,0","0,0","0,0","0,0","0,0","0,0","0,0","5,8","0,0","0,0","0,0","0,0","3,9","3,9","3,9","3,9","3,9","3,9","1,9","3,9"
2013,Lysá nad Labem,20,31575,29. 9. 2026,22. 9. 2026,"0,0","0,0","0,0","0,0",53,100,47,37,37,21,16,5,11,16,5,11,0,0,5,5,5,5,0,16,5,5,0,0,0,0,0,0,0,0,0,5,5,5,0,0,0,0,0,0,0,0,0,0,0,0,0,0,5,0,0,"31,7","60,2","28,5","22,2","22,2","12,7","9,5","3,2","6,3","9,5","3,2","6,3","0,0","0,0","3,2","3,2","3,2","3,2","0,0","9,5","3,2","3,2","0,0","0,0","0,0","0,0","0,0","0,0","0,0","0,0","0,0","3,2","3,2","3,2","0,0","0,0","0,0","0,0","0,0","0,0","0,0","0,0","0,0","0,0","0,0","0,0","0,0","0,0","3,2","0,0","0,0","0,0","0,0","0,0","0,0","0,0","0,0","0,0","0,0"
2014,Mělník,20,46205,29. 9. 2026,22. 9. 2026,"4,3","4,3","2,2","2,2",100,91,37,21,28,16,16,0,16,19,12,16,5,5,14,0,2,5,0,2,2,2,7,0,0,0,0,0,0,0,2,0,0,0,0,0,0,0,0,0,0,0,2,0,0,0,2,0,0,2,2,"93,1","84,4","34,6","19,5","26,0","15,1","15,1","0,0","15,1","17,3","10,8","15,1","4,3","4,3","13,0","0,0","2,2","4,3","0,0","2,2","2,2","2,2","6,5","0,0","0,0","0,0","0,0","0,0","0,0","0,0","2,2","0,0","0,0","0,0","0,0","0,0","0,0","0,0","0,0","0,0","0,0","0,0","2,2","0,0","0,0","0,0","2,2","0,0","0,0","2,2","2,2","2,2","2,2","6,5","6,5","6,5","6,5","4,3","4,3"
2015,Mladá Boleslav,20,115318,29. 9. 2026,22. 9. 2026,"19,1","19,1","0,9","18,2",96,100,56,32,22,38,26,10,8,22,10,10,14,2,2,6,4,0,0,2,14,2,6,4,6,4,2,0,0,0,0,0,0,0,0,2,0,0,0,0,0,0,0,0,0,0,0,0,0,2,6,"41,6","43,4","24,3","13,9","9,5","16,5","11,3","4,3","3,5","9,5","4,3","4,3","6,1","0,9","0,9","2,6","1,7","0,0","0,0","0,9","6,1","0,9","2,6","1,7","2,6","1,7","0,9","0,0","0,0","0,0","0,0","0,0","0,0","0,0","0,0","0,9","0,0","0,0","0,0","0,0","0,0","0,0","0,0","0,0","0,0","0,0","0,0","0,0","0,0","0,9","2,6","0,9","0,9","12,1","13,9","14,7","14,7","14,7","19,1"
2016,Mnichovo Hradiště,20,18558,29. 9. 2026,22. 9. 2026,"5,4","5,4","0,0","5,4",100,64,36,9,9,18,0,0,0,18,45,0,45,0,9,9,0,0,0,0,0,0,0,0,0,9,0,0,0,0,0,0,0,0,0,0,0,0,0,0,0,0,0,0,0,0,0,0,0,0,0,"59,3","37,7","21,6","5,4","5,4","10,8","0,0","0,0","0,0","10,8","26,9","0,0","26,9","0,0","5,4","5,4","0,0","0,0","0,0","0,0","0,0","0,0","0,0","0,0","0,0","5,4","0,0","0,0","0,0","0,0","0,0","0,0","0,0","0,0","0,0","0,0","0,0","0,0","0,0","0,0","0,0","0,0","0,0","0,0","0,0","0,0","0,0","0,0","0,0","0,0","0,0","0,0","0,0","5,4","5,4","5,4","5,4","5,4","5,4"
2017,Neratovice,20,32872,29. 9. 2026,22. 9. 2026,"3,0","3,0","3,0","0,0",63,100,59,44,30,22,11,22,15,4,15,7,19,0,0,4,7,4,4,4,4,4,4,0,4,0,0,0,0,0,0,0,0,0,0,7,0,0,0,4,4,0,0,0,0,0,0,0,0,4,4,"51,7","82,1","48,7","36,5","24,3","18,3","9,1","18,3","12,2","3,0","12,2","6,1","15,2","0,0","0,0","3,0","6,1","3,0","3,0","3,0","3,0","3,0","3,0","0,0","3,0","0,0","0,0","0,0","0,0","0,0","0,0","0,0","0,0","0,0","0,0","6,1","0,0","0,0","0,0","3,0","3,0","0,0","0,0","0,0","0,0","0,0","0,0","0,0","0,0","3,0","3,0","3,0","3,0","3,0","3,0","3,0","3,0","0,0","3,0"
2018,Nymburk,20,41484,29. 9. 2026,22. 9. 2026,"2,4","2,4","0,0","2,4",100,100,47,27,33,60,40,13,7,20,13,13,13,0,0,7,0,7,7,20,13,0,0,0,0,0,0,0,0,0,0,0,0,0,0,0,0,0,7,0,0,0,0,0,0,0,0,0,0,7,0,"36,2","36,2","16,9","9,6","12,1","21,7","14,5","4,8","2,4","7,2","4,8","4,8","4,8","0,0","0,0","2,4","0,0","2,4","2,4","7,2","4,8","0,0","0,0","0,0","0,0","0,0","0,0","0,0","0,0","0,0","0,0","0,0","0,0","0,0","0,0","0,0","0,0","0,0","2,4","0,0","0,0","0,0","0,0","0,0","0,0","0,0","0,0","0,0","0,0","2,4","0,0","0,0","0,0","2,4","2,4","2,4","2,4","2,4","2,4"
2019,Poděbrady,20,32404,29. 9. 2026,22. 9. 2026,"3,1","3,1","3,1","0,0",44,100,75,81,31,38,25,6,0,19,6,12,6,12,6,0,0,6,6,0,0,0,0,0,0,0,0,0,0,0,0,0,0,0,0,0,0,0,0,0,0,0,0,0,0,12,0,0,0,0,0,"21,6","49,4","37,0","40,1","15,4","18,5","12,3","3,1","0,0","9,3","3,1","6,2","3,1","6,2","3,1","0,0","0,0","3,1","3,1","0,0","0,0","0,0","0,0","0,0","0,0","0,0","0,0","0,0","0,0","0,0","0,0","0,0","0,0","0,0","0,0","0,0","0,0","0,0","0,0","0,0","0,0","0,0","0,0","0,0","0,0","6,2","0,0","0,0","0,0","0,0","0,0","3,1","3,1","3,1","3,1","3,1","3,1","3,1","3,1"
2020,Příbram,20,71498,29. 9. 2026,22. 9. 2026,"1,4","1,4","1,4","0,0",51,49,24,52,39,42,12,8,5,14,21,5,7,1,2,0,62,2,8,100,9,0,1,1,0,0,0,0,0,0,1,0,1,0,0,0,0,0,0,0,0,1,0,0,0,0,0,0,0,1,1,"60,1","58,7","28,0","61,5","46,2","50,4","14,0","9,8","5,6","16,8","25,2","5,6","8,4","1,4","2,8","0,0","74,1","2,8","9,8","118,9","11,2","0,0","1,4","1,4","0,0","0,0","0,0","0,0","0,0","0,0","1,4","0,0","1,4","0,0","0,0","0,0","0,0","0,0","0,0","0,0","0,0","1,4","0,0","0,0","0,0","0,0","0,0","0,0","0,0","1,4","1,4","1,4","1,4","1,4","0,0","0,0","0,0","0,0","1,4"
2021,Rakovník,20,56058,29. 9. 2026,22. 9. 2026,"0,0","0,0","0,0","0,0",65,100,83,26,17,35,17,13,13,39,30,0,9,13,9,4,9,13,9,17,4,9,4,0,0,0,13,0,0,0,0,0,0,0,0,0,0,0,0,0,0,0,0,0,0,0,0,0,0,4,0,"26,8","41,0","33,9","10,7","7,1","14,3","7,1","5,4","5,4","16,1","12,5","0,0","3,6","5,4","3,6","1,8","3,6","5,4","3,6","7,1","1,8","3,6","1,8","0,0","0,0","0,0","5,4","0,0","0,0","0,0","0,0","0,0","0,0","0,0","0,0","0,0","0,0","0,0","0,0","0,0","0,0","0,0","0,0","0,0","0,0","0,0","0,0","0,0","0,0","1,8","0,0","0,0","0,0","0,0","0,0","0,0","0,0","0,0","0,0"
2022,Říčany,20,77533,29. 9. 2026,22. 9. 2026,"0,0","0,0","3,9","-3,9",88,100,40,12,24,56,28,16,20,24,28,12,8,0,12,20,8,8,4,0,4,12,12,8,0,0,0,4,16,0,0,0,0,4,0,0,0,4,0,0,0,0,0,4,0,0,0,0,0,0,0,"28,4","32,2","12,9","3,9","7,7","18,1","9,0","5,2","6,4","7,7","9,0","3,9","2,6","0,0","3,9","6,4","2,6","2,6","1,3","0,0","1,3","3,9","3,9","2,6","0,0","0,0","0,0","1,3","5,2","0,0","0,0","0,0","0,0","1,3","0,0","0,0","0,0","1,3","0,0","0,0","0,0","0,0","0,0","1,3","0,0","0,0","0,0","0,0","0,0","0,0","0,0","3,9","3,9","3,9","2,6","2,6","2,6","0,0","0,0"
2023,Sedlčany,20,22121,29. 9. 2026,22. 9. 2026,"4,5","4,5","9,0","-4,5",50,100,50,50,58,42,33,25,25,25,8,50,25,0,8,0,50,33,8,25,0,8,8,0,8,0,0,0,0,8,0,0,0,0,0,0,0,0,0,0,0,0,0,0,0,0,0,0,0,0,8,"27,1","54,2","27,1","27,1","31,6","22,6","18,1","13,6","13,6","13,6","4,5","27,1","13,6","0,0","4,5","0,0","27,1","18,1","4,5","13,6","0,0","4,5","4,5","0,0","4,5","0,0","0,0","0,0","0,0","4,5","0,0","0,0","0,0","0,0","0,0","0,0","0,0","0,0","0,0","0,0","0,0","0,0","0,0","0,0","0,0","0,0","0,0","0,0","0,0","0,0","4,5","9,0","4,5","0,0","4,5","4,5","4,5","4,5","4,5"
2024,Slaný,20,41929,29. 9. 2026,22. 9. 2026,"0,0","0,0","0,0","0,0",100,94,69,62,56,38,25,12,6,19,31,12,25,25,0,19,6,0,12,12,6,0,0,0,0,0,0,0,0,0,0,0,0,6,0,0,0,0,0,0,0,6,0,0,0,0,6,6,0,0,0,"38,2","35,8","26,2","23,8","21,5","14,3","9,5","4,8","2,4","7,2","11,9","4,8","9,5","9,5","0,0","7,2","2,4","0,0","4,8","4,8","2,4","0,0","0,0","0,0","0,0","0,0","0,0","0,0","0,0","0,0","0,0","0,0","0,0","2,4","0,0","0,0","0,0","0,0","0,0","0,0","0,0","2,4","0,0","0,0","0,0","0,0","2,4","2,4","0,0","0,0","0,0","0,0","0,0","0,0","0,0","0,0","0,0","0,0","0,0"
2025,Vlašim,20,26226,29. 9. 2026,22. 9. 2026,"0,0","0,0","0,0","0,0",25,75,50,50,25,100,0,75,50,25,50,100,25,25,0,0,25,0,0,0,0,0,25,0,0,0,0,0,0,0,0,0,0,0,0,0,0,0,0,0,0,0,0,0,0,0,0,0,0,0,0,"3,8","11,4","7,6","7,6","3,8","15,3","0,0","11,4","7,6","3,8","7,6","15,3","3,8","3,8","0,0","0,0","3,8","0,0","0,0","0,0","0,0","0,0","3,8","0,0","0,0","0,0","0,0","0,0","0,0","0,0","0,0","0,0","0,0","0,0","0,0","0,0","0,0","0,0","0,0","0,0","0,0","0,0","0,0","0,0","0,0","0,0","0,0","0,0","0,0","0,0","0,0","0,0","0,0","0,0","0,0","0,0","0,0","0,0","0,0"
2026,Votice,20,12783,29. 9. 2026,22. 9. 2026,"0,0","0,0","0,0","0,0",100,57,14,14,0,14,14,14,14,0,0,14,0,0,0,0,0,29,0,29,0,0,0,0,0,0,0,0,0,0,0,0,0,0,0,0,0,14,0,0,0,0,0,0,0,0,0,0,0,0,0,"54,8","31,3","7,8","7,8","0,0","7,8","7,8","7,8","7,8","0,0","0,0","7,8","0,0","0,0","0,0","0,0","0,0","15,6","0,0","15,6","0,0","0,0","0,0","0,0","0,0","0,0","0,0","0,0","0,0","0,0","0,0","0,0","0,0","0,0","0,0","0,0","0,0","7,8","0,0","0,0","0,0","0,0","0,0","0,0","0,0","0,0","0,0","0,0","0,0","0,0","0,0","0,0","0,0","0,0","0,0","0,0","0,0","0,0","0,0"
3101,Blatná,31,13685,29. 9. 2026,22. 9. 2026,"0,0","0,0","7,3","-7,3",100,44,33,33,56,44,33,67,89,89,67,22,33,44,0,11,22,11,0,0,0,0,0,0,22,0,0,0,0,0,0,0,0,0,0,0,0,0,0,0,0,0,0,0,0,0,0,0,0,0,0,"65,8","29,2","21,9","21,9","36,5","29,2","21,9","43,8","58,5","58,5","43,8","14,6","21,9","29,2","0,0","7,3","14,6","7,3","0,0","0,0","0,0","0,0","0,0","0,0","14,6","0,0","0,0","0,0","0,0","0,0","0,0","0,0","0,0","0,0","0,0","0,0","0,0","0,0","0,0","0,0","0,0","0,0","0,0","0,0","0,0","0,0","0,0","0,0","0,0","0,0","0,0","7,3","7,3","7,3","7,3","7,3","7,3","0,0","0,0"
3102,České Budějovice,31,166778,29. 9. 2026,22. 9. 2026,"1,2","1,2","1,2","0,0",100,94,92,44,37,35,29,15,24,40,44,28,28,15,15,8,7,8,6,1,12,3,6,0,2,1,0,0,0,0,0,1,1,0,0,0,1,0,0,0,1,0,0,0,0,1,1,0,0,0,7,"51,6","48,6","47,4","22,8","19,2","18,0","15,0","7,8","12,6","20,4","22,8","14,4","14,4","7,8","7,8","4,2","3,6","4,2","3,0","0,6","6,0","1,8","3,0","0,0","1,2","0,6","0,0","0,0","0,0","0,0","0,0","0,6","0,6","0,0","0,0","0,0","0,6","0,0","0,0","0,0","0,6","0,0","0,0","0,0","0,0","0,6","0,6","0,0","0,0","0,0","3,6","1,2","1,8","1,8","1,8","1,8","1,8","1,8","1,2"
3103,Český Krumlov,31,41867,29. 9. 2026,22. 9. 2026,"0,0","0,0","2,4","-2,4",95,100,68,32,58,42,47,32,32,37,37,21,47,5,16,5,16,5,11,5,5,5,0,5,0,0,5,0,0,0,0,0,0,0,0,0,0,0,0,0,0,0,5,5,0,0,0,0,5,0,0,"43,0","45,4","31,1","14,3","26,3","19,1","21,5","14,3","14,3","16,7","16,7","9,6","21,5","2,4","7,2","2,4","7,2","2,4","4,8","2,4","2,4","2,4","0,0","2,4","0,0","0,0","2,4","0,0","0,0","0,0","0,0","0,0","0,0","0,0","0,0","0,0","0,0","0,0","0,0","0,0","0,0","0,0","2,4","2,4","0,0","0,0","0,0","0,0","2,4","0,0","0,0","2,4","2,4","0,0","0,0","0,0","0,0","0,0","0,0"
3104,Dačice,31,18507,29. 9. 2026,22. 9. 2026,"0,0","0,0","10,8","-10,8",53,58,74,100,16,42,21,5,26,16,11,11,37,0,16,0,0,0,11,5,0,5,0,0,0,0,0,11,0,0,0,5,0,0,0,0,0,0,0,0,0,0,0,0,0,0,0,0,0,11,0,"54,0","59,4","75,6","102,7","16,2","43,2","21,6","5,4","27,0","16,2","10,8","10,8","37,8","0,0","16,2","0,0","0,0","0,0","10,8","5,4","0,0","5,4","0,0","0,0","0,0","0,0","0,0","10,8","0,0","0,0","0,0","5,4","0,0","0,0","0,0","0,0","0,0","0,0","0,0","0,0","0,0","0,0","0,0","0,0","0,0","0,0","0,0","0,0","0,0","10,8","0,0","10,8","10,8","10,8","10,8","10,8","10,8","5,4","0,0"
3105,Jindřichův Hradec,31,46910,29. 9. 2026,22. 9. 2026,"0,0","0,0","4,3","-4,3",60,77,100,77,40,50,40,33,33,30,43,20,20,10,7,13,3,13,7,7,7,3,0,7,0,0,0,0,0,0,0,0,0,0,0,0,0,0,0,0,0,0,0,0,0,0,0,0,0,0,0,"38,4","49,0","64,0","49,0","25,6","32,0","25,6","21,3","21,3","19,2","27,7","12,8","12,8","6,4","4,3","8,5","2,1","8,5","4,3","4,3","4,3","2,1","0,0","4,3","0,0","0,0","0,0","0,0","0,0","0,0","0,0","0,0","0,0","0,0","0,0","0,0","0,0","0,0","0,0","0,0","0,0","0,0","0,0","0,0","0,0","0,0","0,0","0,0","0,0","0,0","0,0","4,3","4,3","4,3","4,3","4,3","4,3","2,1","0,0"
3106,Kaplice,31,20171,29. 9. 2026,22. 9. 2026,"0,0","0,0","0,0","0,0",100,85,15,46,31,38,23,8,8,31,23,38,8,23,8,23,31,8,15,15,8,0,0,0,0,0,0,0,8,0,0,0,0,0,0,0,0,0,0,8,0,0,0,8,0,8,8,8,0,0,0,"64,4","54,5","9,9","29,7","19,8","24,8","14,9","5,0","5,0","19,8","14,9","24,8","5,0","14,9","5,0","14,9","19,8","5,0","9,9","9,9","5,0","0,0","0,0","0,0","0,0","0,0","0,0","0,0","5,0","0,0","0,0","0,0","0,0","0,0","0,0","0,0","0,0","0,0","0,0","5,0","0,0","0,0","0,0","5,0","0,0","5,0","5,0","5,0","0,0","0,0","0,0","0,0","0,0","0,0","0,0","0,0","0,0","0,0","0,0"
3107,Milevsko,31,18188,29. 9. 2026,22. 9. 2026,"0,0","0,0","0,0","0,0",100,67,43,43,48,38,0,14,0,10,29,14,10,0,0,5,5,0,5,10,0,0,5,0,0,0,0,0,5,0,0,0,0,0,0,0,0,0,0,0,0,0,0,0,0,0,0,0,0,0,0,"115,5","77,0","49,5","49,5","55,0","44,0","0,0","16,5","0,0","11,0","33,0","16,5","11,0","0,0","0,0","5,5","5,5","0,0","5,5","11,0","0,0","0,0","5,5","0,0","0,0","0,0","0,0","0,0","5,5","0,0","0,0","0,0","0,0","0,0","0,0","0,0","0,0","0,0","0,0","0,0","0,0","0,0","0,0","0,0","0,0","0,0","0,0","0,0","0,0","0,0","0,0","0,0","0,0","0,0","0,0","0,0","0,0","0,0","0,0"
3108,Písek,31,54337,29. 9. 2026,22. 9. 2026,"1,8","1,8","0,0","1,8",100,73,51,39,36,17,12,12,15,8,22,17,20,5,8,7,5,7,7,5,10,7,8,2,0,3,3,0,0,0,0,0,0,0,0,0,0,0,0,0,0,0,0,0,0,0,3,0,0,2,0,"108,6","79,1","55,2","42,3","38,6","18,4","12,9","12,9","16,6","9,2","23,9","18,4","22,1","5,5","9,2","7,4","5,5","7,4","7,4","5,5","11,0","7,4","9,2","1,8","0,0","3,7","3,7","0,0","0,0","0,0","0,0","0,0","0,0","0,0","0,0","0,0","0,0","0,0","0,0","0,0","0,0","0,0","0,0","0,0","0,0","0,0","3,7","0,0","0,0","1,8","0,0","0,0","0,0","0,0","0,0","0,0","0,0","0,0","1,8"
3109,Prachatice,31,33973,29. 9. 2026,22. 9. 2026,"0,0","0,0","0,0","0,0",50,69,56,100,75,38,62,31,25,31,25,25,19,12,6,25,31,0,6,0,6,0,12,0,12,0,6,0,0,0,0,0,0,0,0,0,0,0,0,0,0,0,0,6,0,0,0,0,0,0,0,"23,5","32,4","26,5","47,1","35,3","17,7","29,4","14,7","11,8","14,7","11,8","11,8","8,8","5,9","2,9","11,8","14,7","0,0","2,9","0,0","2,9","0,0","5,9","0,0","5,9","0,0","2,9","0,0","0,0","0,0","0,0","0,0","0,0","0,0","0,0","0,0","0,0","0,0","0,0","0,0","0,0","0,0","0,0","2,9","0,0","0,0","0,0","0,0","0,0","0,0","0,0","0,0","0,0","0,0","0,0","0,0","0,0","0,0","0,0"
3110,Soběslav,31,22423,29. 9. 2026,22. 9. 2026,"0,0","0,0","0,0","0,0",100,73,33,33,27,7,27,0,7,13,40,33,7,7,13,13,0,0,13,0,7,0,0,0,7,0,0,0,0,0,0,0,0,0,0,0,0,0,0,0,0,0,0,0,0,0,0,0,0,0,7,"66,9","49,1","22,3","22,3","17,8","4,5","17,8","0,0","4,5","8,9","26,8","22,3","4,5","4,5","8,9","8,9","0,0","0,0","8,9","0,0","4,5","0,0","0,0","0,0","4,5","0,0","0,0","0,0","0,0","0,0","0,0","0,0","0,0","0,0","0,0","0,0","0,0","0,0","0,0","0,0","0,0","0,0","0,0","0,0","0,0","0,0","0,0","0,0","0,0","0,0","4,5","0,0","0,0","0,0","0,0","0,0","0,0","0,0","0,0"
3111,Strakonice,31,45297,29. 9. 2026,22. 9. 2026,"2,2","2,2","4,4","-2,2",100,97,63,49,26,23,31,17,29,31,40,37,29,3,9,14,0,3,3,0,3,11,0,3,0,3,3,0,3,0,0,0,0,0,0,0,0,0,0,0,0,0,0,0,0,0,0,0,0,0,0,"77,3","75,1","48,6","37,5","19,9","17,7","24,3","13,2","22,1","24,3","30,9","28,7","22,1","2,2","6,6","11,0","0,0","2,2","2,2","0,0","2,2","8,8","0,0","2,2","0,0","2,2","2,2","0,0","2,2","0,0","0,0","0,0","0,0","0,0","0,0","0,0","0,0","0,0","0,0","0,0","0,0","0,0","0,0","0,0","0,0","0,0","0,0","0,0","0,0","0,0","0,0","4,4","4,4","4,4","4,4","4,4","4,4","2,2","2,2"
3112,Tábor,31,81475,29. 9. 2026,22. 9. 2026,"1,2","1,2","0,0","1,2",60,70,100,88,57,42,40,20,48,20,32,30,35,8,12,2,12,15,12,8,5,2,5,0,2,0,0,0,0,0,0,0,0,0,0,0,0,0,0,0,0,0,0,0,0,0,2,0,0,0,0,"29,5","34,4","49,1","43,0","28,2","20,9","19,6","9,8","23,3","9,8","16,0","14,7","17,2","3,7","6,1","1,2","6,1","7,4","6,1","3,7","2,5","1,2","2,5","0,0","1,2","0,0","0,0","0,0","0,0","0,0","0,0","0,0","0,0","0,0","0,0","0,0","0,0","0,0","0,0","0,0","0,0","0,0","0,0","0,0","0,0","0,0","1,2","0,0","0,0","0,0","0,0","0,0","0,0","1,2","1,2","1,2","1,2","1,2","1,2"
3113,Trhové Sviny,31,19580,29. 9. 2026,22. 9. 2026,"0,0","0,0","0,0","0,0",100,100,100,60,40,20,40,20,40,0,80,0,0,40,40,0,20,20,0,20,20,20,0,0,0,0,0,0,0,0,0,0,0,0,0,0,0,0,0,0,0,0,0,0,0,0,0,0,0,0,0,"25,5","25,5","25,5","15,3","10,2","5,1","10,2","5,1","10,2","0,0","20,4","0,0","0,0","10,2","10,2","0,0","5,1","5,1","0,0","5,1","5,1","5,1","0,0","0,0","0,0","0,0","0,0","0,0","0,0","0,0","0,0","0,0","0,0","0,0","0,0","0,0","0,0","0,0","0,0","0,0","0,0","0,0","0,0","0,0","0,0","0,0","0,0","0,0","0,0","0,0","0,0","0,0","0,0","0,0","0,0","0,0","0,0","0,0","0,0"
3114,Třeboň,31,24984,29. 9. 2026,22. 9. 2026,"0,0","0,0","0,0","0,0",35,60,100,55,40,85,30,0,25,35,50,25,20,20,25,10,15,15,0,5,0,0,5,0,0,10,0,0,5,5,0,0,0,0,0,0,0,0,0,0,5,0,0,0,0,0,0,0,0,0,0,"28,0","48,0","80,1","44,0","32,0","68,0","24,0","0,0","20,0","28,0","40,0","20,0","16,0","16,0","20,0","8,0","12,0","12,0","0,0","4,0","0,0","0,0","4,0","0,0","0,0","8,0","0,0","0,0","4,0","4,0","0,0","0,0","0,0","0,0","0,0","0,0","0,0","0,0","0,0","0,0","4,0","0,0","0,0","0,0","0,0","0,0","0,0","0,0","0,0","0,0","0,0","0,0","0,0","0,0","0,0","0,0","0,0","0,0","0,0"
3115,Týn nad Vltavou,31,14068,29. 9. 2026,22. 9. 2026,"7,1","7,1","0,0","7,1",56,89,100,100,67,11,89,44,56,56,11,22,11,0,11,0,33,0,0,0,0,11,11,0,11,0,0,0,0,0,0,0,0,0,0,0,0,0,0,0,0,0,0,0,0,0,0,0,0,0,0,"35,5","56,9","64,0","64,0","42,6","7,1","56,9","28,4","35,5","35,5","7,1","14,2","7,1","0,0","7,1","0,0","21,3","0,0","0,0","0,0","0,0","7,1","7,1","0,0","7,1","0,0","0,0","0,0","0,0","0,0","0,0","0,0","0,0","0,0","0,0","0,0","0,0","0,0","0,0","0,0","0,0","0,0","0,0","0,0","0,0","0,0","0,0","0,0","0,0","0,0","0,0","0,0","0,0","0,0","7,1","7,1","7,1","7,1","7,1"
3116,Vimperk,31,17471,29. 9. 2026,22. 9. 2026,"17,2","17,2","5,7","11,4",76,100,100,71,47,53,29,12,24,12,12,29,24,6,6,6,0,6,0,6,6,0,0,0,0,0,0,0,6,0,0,0,0,0,0,0,0,0,0,0,0,0,0,0,0,0,0,0,0,6,6,"74,4","97,3","97,3","68,7","45,8","51,5","28,6","11,4","22,9","11,4","11,4","28,6","22,9","5,7","5,7","5,7","0,0","5,7","0,0","5,7","5,7","0,0","0,0","0,0","0,0","0,0","0,0","0,0","5,7","0,0","0,0","0,0","0,0","0,0","0,0","0,0","0,0","0,0","0,0","0,0","0,0","0,0","0,0","0,0","0,0","0,0","0,0","0,0","0,0","5,7","5,7","5,7","11,4","17,2","17,2","17,2","17,2","17,2","17,2"
3117,Vodňany,31,12589,29. 9. 2026,22. 9. 2026,"0,0","0,0","0,0","0,0",82,27,45,45,18,9,36,9,9,9,36,100,91,9,27,9,27,9,27,0,0,9,9,0,0,0,0,0,0,0,0,0,9,0,0,0,0,0,0,0,0,0,0,0,0,0,0,0,0,0,0,"71,5","23,8","39,7","39,7","15,9","7,9","31,8","7,9","7,9","7,9","31,8","87,4","79,4","7,9","23,8","7,9","23,8","7,9","23,8","0,0","0,0","7,9","7,9","0,0","0,0","0,0","0,0","0,0","0,0","0,0","0,0","0,0","7,9","0,0","0,0","0,0","0,0","0,0","0,0","0,0","0,0","0,0","0,0","0,0","0,0","0,0","0,0","0,0","0,0","0,0","0,0","0,0","0,0","0,0","0,0","0,0","0,0","0,0","0,0"
3201,Blovice,32,12463,29. 9. 2026,22. 9. 2026,"0,0","0,0","8,0","-8,0",67,100,100,78,11,33,33,22,33,0,44,78,44,0,56,0,22,11,0,11,11,0,0,0,0,0,33,0,0,0,0,0,0,0,0,0,0,0,0,0,0,0,0,0,0,0,0,0,0,0,0,"48,1","72,2","72,2","56,2","8,0","24,1","24,1","16,0","24,1","0,0","32,1","56,2","32,1","0,0","40,1","0,0","16,0","8,0","0,0","8,0","8,0","0,0","0,0","0,0","0,0","0,0","24,1","0,0","0,0","0,0","0,0","0,0","0,0","0,0","0,0","0,0","0,0","0,0","0,0","0,0","0,0","0,0","0,0","0,0","0,0","0,0","0,0","0,0","0,0","0,0","0,0","8,0","8,0","8,0","8,0","8,0","8,0","8,0","0,0"
3202,Domažlice,32,40681,29. 9. 2026,22. 9. 2026,"0,0","0,0","2,5","-2,5",100,87,74,68,45,29,55,34,37,29,45,29,8,5,11,26,21,13,11,8,0,3,5,0,5,0,3,0,0,0,3,0,0,0,0,3,0,0,0,0,0,0,0,0,0,0,0,3,0,3,0,"93,4","81,1","68,8","63,9","41,8","27,0","51,6","32,0","34,4","27,0","41,8","27,0","7,4","4,9","9,8","24,6","19,7","12,3","9,8","7,4","0,0","2,5","4,9","0,0","4,9","0,0","2,5","0,0","0,0","0,0","2,5","0,0","0,0","0,0","0,0","2,5","0,0","0,0","0,0","0,0","0,0","0,0","0,0","0,0","0,0","0,0","0,0","2,5","0,0","2,5","0,0","2,5","2,5","2,5","2,5","2,5","2,5","0,0","0,0"
3203,Horažďovice,32,11522,29. 9. 2026,22. 9. 2026,"8,7","8,7","8,7","0,0",89,100,89,78,33,0,11,33,22,33,11,11,33,11,11,33,11,0,22,0,22,0,0,0,11,0,0,0,0,22,0,0,0,0,0,0,0,0,0,0,0,0,0,0,0,0,0,0,0,11,0,"69,4","78,1","69,4","60,8","26,0","0,0","8,7","26,0","17,4","26,0","8,7","8,7","26,0","8,7","8,7","26,0","8,7","0,0","17,4","0,0","17,4","0,0","0,0","0,0","8,7","0,0","0,0","0,0","0,0","17,4","0,0","0,0","0,0","0,0","0,0","0,0","0,0","0,0","0,0","0,0","0,0","0,0","0,0","0,0","0,0","0,0","0,0","0,0","0,0","8,7","0,0","8,7","8,7","8,7","8,7","8,7","8,7","8,7","8,7"
3204,Horšovský Týn,32,15115,29. 9. 2026,22. 9. 2026,"0,0","0,0","0,0","0,0",29,100,71,57,43,14,29,0,29,29,57,14,14,14,0,14,0,14,0,0,0,14,0,0,0,0,0,0,14,0,0,0,0,0,0,0,0,0,0,0,0,0,0,0,0,14,0,0,0,0,0,"13,2","46,3","33,1","26,5","19,8","6,6","13,2","0,0","13,2","13,2","26,5","6,6","6,6","6,6","0,0","6,6","0,0","6,6","0,0","0,0","0,0","6,6","0,0","0,0","0,0","0,0","0,0","0,0","6,6","0,0","0,0","0,0","0,0","0,0","0,0","0,0","0,0","0,0","0,0","0,0","0,0","0,0","0,0","0,0","0,0","6,6","0,0","0,0","0,0","0,0","0,0","0,0","0,0","0,0","0,0","0,0","0,0","0,0","0,0"
3205,Klatovy,32,51410,29. 9. 2026,22. 9. 2026,"1,9","1,9","7,8","-5,8",84,100,66,37,47,61,34,18,24,34,16,24,13,5,21,5,8,8,13,5,5,3,0,0,3,0,0,0,0,3,0,0,0,0,3,0,0,0,0,3,0,0,0,0,0,0,0,3,0,0,3,"62,2","73,9","48,6","27,2","35,0","44,7","25,3","13,6","17,5","25,3","11,7","17,5","9,7","3,9","15,6","3,9","5,8","5,8","9,7","3,9","3,9","1,9","0,0","0,0","1,9","0,0","0,0","0,0","0,0","1,9","0,0","0,0","0,0","0,0","1,9","0,0","0,0","0,0","0,0","1,9","0,0","0,0","0,0","0,0","0,0","0,0","0,0","1,9","0,0","0,0","1,9","7,8","7,8","9,7","7,8","7,8","7,8","7,8","1,9"
3206,Kralovice,32,23015,29. 9. 2026,22. 9. 2026,"0,0","0,0","0,0","0,0",76,100,76,71,10,14,19,14,19,14,43,24,10,5,10,5,14,5,5,0,0,0,0,0,5,0,0,0,0,0,0,0,0,0,0,0,0,0,0,0,0,0,0,0,0,0,0,0,0,0,0,"69,5","91,2","69,5","65,2","8,7","13,0","17,4","13,0","17,4","13,0","39,1","21,7","8,7","4,3","8,7","4,3","13,0","4,3","4,3","0,0","0,0","0,0","0,0","0,0","4,3","0,0","0,0","0,0","0,0","0,0","0,0","0,0","0,0","0,0","0,0","0,0","0,0","0,0","0,0","0,0","0,0","0,0","0,0","0,0","0,0","0,0","0,0","0,0","0,0","0,0","0,0","0,0","0,0","0,0","0,0","0,0","0,0","0,0","0,0"
3207,Nepomuk,32,11279,29. 9. 2026,22. 9. 2026,"0,0","0,0","0,0","0,0",29,29,57,29,0,100,43,29,43,14,29,0,43,14,0,14,0,0,0,0,14,0,0,0,0,0,0,0,0,0,0,0,0,0,0,0,0,0,0,0,0,0,0,0,0,0,0,14,0,0,0,"17,7","17,7","35,5","17,7","0,0","62,1","26,6","17,7","26,6","8,9","17,7","0,0","26,6","8,9","0,0","8,9","0,0","0,0","0,0","0,0","8,9","0,0","0,0","0,0","0,0","0,0","0,0","0,0","0,0","0,0","0,0","0,0","0,0","0,0","0,0","0,0","0,0","0,0","0,0","0,0","0,0","0,0","0,0","0,0","0,0","0,0","0,0","8,9","0,0","0,0","0,0","0,0","0,0","0,0","0,0","0,0","0,0","0,0","0,0"
3208,Nýřany,32,60054,29. 9. 2026,22. 9. 2026,"0,0","0,0","1,7","-1,7",74,100,63,70,48,15,22,19,19,41,30,19,33,4,4,0,11,7,0,0,4,0,4,4,0,0,0,7,0,0,0,0,0,0,0,0,0,0,0,0,0,0,4,0,0,7,0,0,0,0,0,"33,3","45,0","28,3","31,6","21,6","6,7","10,0","8,3","8,3","18,3","13,3","8,3","15,0","1,7","1,7","0,0","5,0","3,3","0,0","0,0","1,7","0,0","1,7","1,7","0,0","0,0","0,0","3,3","0,0","0,0","0,0","0,0","0,0","0,0","0,0","0,0","0,0","0,0","0,0","0,0","0,0","0,0","1,7","0,0","0,0","3,3","0,0","0,0","0,0","0,0","0,0","1,7","1,7","1,7","1,7","1,7","1,7","1,7","0,0"
3209,Plzeň,32,201517,29. 9. 2026,22. 9. 2026,"1,0","1,0","1,5","-0,5",78,100,79,60,33,35,21,19,28,23,29,29,25,13,10,12,7,7,5,4,2,3,3,2,1,1,1,0,1,0,0,2,0,0,0,0,1,0,0,1,0,1,0,0,3,1,1,0,1,0,5,"43,2","55,6","44,2","33,2","18,4","19,4","11,9","10,4","15,4","12,9","16,4","15,9","13,9","7,4","5,5","6,9","4,0","4,0","3,0","2,0","1,0","1,5","1,5","1,0","0,5","0,5","0,5","0,0","0,5","0,0","0,0","1,0","0,0","0,0","0,0","0,0","0,5","0,0","0,0","0,5","0,0","0,5","0,0","0,0","1,5","0,5","0,5","0,0","0,5","0,0","3,0","1,5","1,5","1,5","1,0","1,0","1,0","1,0","1,0"
3210,Přeštice,32,23046,29. 9. 2026,22. 9. 2026,"0,0","0,0","0,0","0,0",100,70,80,100,30,60,40,10,40,20,40,0,20,0,10,10,0,0,0,10,0,0,0,10,0,0,0,0,0,0,0,0,0,0,0,0,0,0,0,0,0,0,0,0,0,0,0,0,0,0,0,"43,4","30,4","34,7","43,4","13,0","26,0","17,4","4,3","17,4","8,7","17,4","0,0","8,7","0,0","4,3","4,3","0,0","0,0","0,0","4,3","0,0","0,0","0,0","4,3","0,0","0,0","0,0","0,0","0,0","0,0","0,0","0,0","0,0","0,0","0,0","0,0","0,0","0,0","0,0","0,0","0,0","0,0","0,0","0,0","0,0","0,0","0,0","0,0","0,0","0,0","0,0","0,0","0,0","0,0","0,0","0,0","0,0","0,0","0,0"
3211,Rokycany,32,50258,29. 9. 2026,22. 9. 2026,"0,0","0,0","2,0","-2,0",100,97,40,57,23,50,50,27,33,53,33,13,37,7,7,3,3,17,13,10,0,3,3,7,0,0,3,7,3,0,7,3,0,3,0,0,0,0,0,0,0,0,0,0,0,0,0,0,0,0,0,"59,7","57,7","23,9","33,8","13,9","29,8","29,8","15,9","19,9","31,8","19,9","8,0","21,9","4,0","4,0","2,0","2,0","9,9","8,0","6,0","0,0","2,0","2,0","4,0","0,0","0,0","2,0","4,0","2,0","0,0","4,0","2,0","0,0","2,0","0,0","0,0","0,0","0,0","0,0","0,0","0,0","0,0","0,0","0,0","0,0","0,0","0,0","0,0","0,0","0,0","0,0","2,0","2,0","2,0","2,0","2,0","2,0","0,0","0,0"
3212,Stod,32,24201,29. 9. 2026,22. 9. 2026,"0,0","0,0","0,0","0,0",77,100,31,54,38,8,31,8,23,23,8,0,8,8,15,8,15,8,8,8,0,8,0,0,0,8,0,0,0,0,0,0,0,0,0,0,0,0,0,0,0,0,0,0,0,0,0,0,0,0,0,"41,3","53,7","16,5","28,9","20,7","4,1","16,5","4,1","12,4","12,4","4,1","0,0","4,1","4,1","8,3","4,1","8,3","4,1","4,1","4,1","0,0","4,1","0,0","0,0","0,0","4,1","0,0","0,0","0,0","0,0","0,0","0,0","0,0","0,0","0,0","0,0","0,0","0,0","0,0","0,0","0,0","0,0","0,0","0,0","0,0","0,0","0,0","0,0","0,0","0,0","0,0","0,0","0,0","0,0","0,0","0,0","0,0","0,0","0,0"
3213,Stříbro,32,17656,29. 9. 2026,22. 9. 2026,"0,0","0,0","0,0","0,0",67,83,100,67,0,0,17,0,67,50,17,50,0,17,17,0,17,17,33,0,0,0,0,0,0,0,0,0,0,0,0,0,0,0,0,0,0,0,0,0,0,0,0,0,0,0,0,0,0,0,0,"22,7","28,3","34,0","22,7","0,0","0,0","5,7","0,0","22,7","17,0","5,7","17,0","0,0","5,7","5,7","0,0","5,7","5,7","11,3","0,0","0,0","0,0","0,0","0,0","0,0","0,0","0,0","0,0","0,0","0,0","0,0","0,0","0,0","0,0","0,0","0,0","0,0","0,0","0,0","0,0","0,0","0,0","0,0","0,0","0,0","0,0","0,0","0,0","0,0","0,0","0,0","0,0","0,0","0,0","0,0","0,0","0,0","0,0","0,0"
3214,Sušice,32,23921,29. 9. 2026,22. 9. 2026,"0,0","0,0","4,2","-4,2",100,40,60,100,90,40,40,50,20,20,20,50,30,10,20,0,10,10,20,20,30,0,0,20,0,0,0,0,0,0,0,0,0,0,0,0,0,0,0,0,0,0,0,10,0,0,0,0,0,0,10,"41,8","16,7","25,1","41,8","37,6","16,7","16,7","20,9","8,4","8,4","8,4","20,9","12,5","4,2","8,4","0,0","4,2","4,2","8,4","8,4","12,5","0,0","0,0","8,4","0,0","0,0","0,0","0,0","0,0","0,0","0,0","0,0","0,0","0,0","0,0","0,0","0,0","0,0","0,0","0,0","0,0","0,0","0,0","4,2","0,0","0,0","0,0","0,0","0,0","0,0","4,2","4,2","4,2","0,0","0,0","0,0","0,0","0,0","0,0"
3215,Tachov,32,39250,29. 9. 2026,22. 9. 2026,"0,0","0,0","0,0","0,0",80,53,100,47,67,20,20,13,0,33,27,13,20,7,13,7,40,13,20,7,0,0,0,7,7,0,0,0,0,0,0,0,0,0,0,0,0,0,0,0,0,0,0,0,0,7,0,0,0,0,0,"30,6","20,4","38,2","17,8","25,5","7,6","7,6","5,1","0,0","12,7","10,2","5,1","7,6","2,5","5,1","2,5","15,3","5,1","7,6","2,5","0,0","0,0","0,0","2,5","2,5","0,0","0,0","0,0","0,0","0,0","0,0","0,0","0,0","0,0","0,0","0,0","0,0","0,0","0,0","0,0","0,0","0,0","0,0","0,0","0,0","2,5","0,0","0,0","0,0","0,0","0,0","0,0","0,0","0,0","0,0","0,0","0,0","0,0","0,0"
4101,Aš,41,17265,29. 9. 2026,22. 9. 2026,"0,0","0,0","0,0","0,0",0,60,0,20,0,20,100,20,0,20,0,0,20,0,0,20,0,20,0,0,0,0,0,0,0,0,0,0,0,0,0,0,0,0,0,0,0,0,0,0,0,0,0,0,0,0,0,0,0,0,0,"0,0","17,4","0,0","5,8","0,0","5,8","29,0","5,8","0,0","5,8","0,0","0,0","5,8","0,0","0,0","5,8","0,0","5,8","0,0","0,0","0,0","0,0","0,0","0,0","0,0","0,0","0,0","0,0","0,0","0,0","0,0","0,0","0,0","0,0","0,0","0,0","0,0","0,0","0,0","0,0","0,0","0,0","0,0","0,0","0,0","0,0","0,0","0,0","0,0","0,0","0,0","0,0","0,0","0,0","0,0","0,0","0,0","0,0","0,0"
4102,Cheb,41,50190,29. 9. 2026,22. 9. 2026,"2,0","2,0","2,0","0,0",50,38,75,100,50,25,25,38,88,100,50,50,38,12,25,12,25,0,25,0,0,0,0,0,0,0,0,0,0,0,0,0,0,0,0,0,0,0,0,0,0,0,0,0,0,0,0,0,0,0,0,"8,0","6,0","12,0","15,9","8,0","4,0","4,0","6,0","13,9","15,9","8,0","8,0","6,0","2,0","4,0","2,0","4,0","0,0","4,0","0,0","0,0","0,0","0,0","0,0","0,0","0,0","0,0","0,0","0,0","0,0","0,0","0,0","0,0","0,0","0,0","0,0","0,0","0,0","0,0","0,0","0,0","0,0","0,0","0,0","0,0","0,0","0,0","0,0","0,0","0,0","0,0","2,0","0,0","0,0","2,0","2,0","2,0","2,0","2,0"
4103,Karlovy Vary,41,88206,29. 9. 2026,22. 9. 2026,"2,3","2,3","4,5","-2,3",88,100,65,59,53,41,32,18,35,26,68,50,12,0,3,18,18,9,9,9,12,6,3,3,6,0,3,0,0,3,3,0,3,0,0,0,0,0,0,0,0,0,0,0,0,0,0,0,0,3,6,"34,0","38,5","24,9","22,7","20,4","15,9","12,5","6,8","13,6","10,2","26,1","19,3","4,5","0,0","1,1","6,8","6,8","3,4","3,4","3,4","4,5","2,3","1,1","1,1","2,3","0,0","1,1","0,0","0,0","1,1","1,1","0,0","1,1","0,0","0,0","0,0","0,0","0,0","0,0","0,0","0,0","0,0","0,0","0,0","0,0","0,0","0,0","0,0","0,0","1,1","2,3","4,5","4,5","4,5","2,3","2,3","2,3","1,1","2,3"
4104,Kraslice,41,12832,29. 9. 2026,22. 9. 2026,"0,0","0,0","0,0","0,0",67,33,67,0,33,33,0,0,33,100,0,33,0,0,33,0,0,0,0,0,0,33,0,0,0,0,0,33,0,0,0,0,0,0,0,0,0,0,0,0,0,0,0,0,0,0,0,0,0,0,0,"15,6","7,8","15,6","0,0","7,8","7,8","0,0","0,0","7,8","23,4","0,0","7,8","0,0","0,0","7,8","0,0","0,0","0,0","0,0","0,0","0,0","7,8","0,0","0,0","0,0","0,0","0,0","7,8","0,0","0,0","0,0","0,0","0,0","0,0","0,0","0,0","0,0","0,0","0,0","0,0","0,0","0,0","0,0","0,0","0,0","0,0","0,0","0,0","0,0","0,0","0,0","0,0","0,0","0,0","0,0","0,0","0,0","0,0","0,0"
4105,Mariánské Lázně,41,25181,29. 9. 2026,22. 9. 2026,"0,0","0,0","0,0","0,0",14,29,100,29,43,14,0,0,29,14,14,0,14,0,0,0,0,0,14,0,0,0,0,0,0,0,14,0,0,0,0,0,0,0,0,0,0,0,0,0,0,0,0,0,0,0,0,0,0,14,0,"4,0","7,9","27,8","7,9","11,9","4,0","0,0","0,0","7,9","4,0","4,0","0,0","4,0","0,0","0,0","0,0","0,0","0,0","4,0","0,0","0,0","0,0","0,0","0,0","0,0","0,0","4,0","0,0","0,0","0,0","0,0","0,0","0,0","0,0","0,0","0,0","0,0","0,0","0,0","0,0","0,0","0,0","0,0","0,0","0,0","0,0","0,0","0,0","0,0","4,0","0,0","0,0","0,0","0,0","0,0","0,0","0,0","0,0","0,0"
4106,Ostrov,41,26789,29. 9. 2026,22. 9. 2026,"3,7","3,7","3,7","0,0",32,47,13,17,13,17,21,19,9,26,100,38,4,4,11,4,6,4,4,9,0,0,4,0,0,0,2,0,0,0,0,4,0,0,0,0,0,0,0,2,0,0,0,0,0,0,0,0,2,0,2,"56,0","82,1","22,4","29,9","22,4","29,9","37,3","33,6","14,9","44,8","175,4","67,2","7,5","7,5","18,7","7,5","11,2","7,5","7,5","14,9","0,0","0,0","7,5","0,0","0,0","0,0","3,7","0,0","0,0","0,0","0,0","7,5","0,0","0,0","0,0","0,0","0,0","0,0","0,0","3,7","0,0","0,0","0,0","0,0","0,0","0,0","0,0","0,0","3,7","0,0","3,7","3,7","0,0","3,7","3,7","3,7","3,7","3,7","3,7"
4107,Sokolov,41,73132,29. 9. 2026,22. 9. 2026,"1,4","1,4","0,0","1,4",84,100,79,26,26,68,32,11,11,16,47,42,5,16,5,5,21,11,5,16,0,11,11,5,11,0,0,0,0,0,0,0,0,0,0,0,0,0,0,0,0,0,0,0,0,0,0,0,0,5,0,"21,9","26,0","20,5","6,8","6,8","17,8","8,2","2,7","2,7","4,1","12,3","10,9","1,4","4,1","1,4","1,4","5,5","2,7","1,4","4,1","0,0","2,7","2,7","1,4","2,7","0,0","0,0","0,0","0,0","0,0","0,0","0,0","0,0","0,0","0,0","0,0","0,0","0,0","0,0","0,0","0,0","0,0","0,0","0,0","0,0","0,0","0,0","0,0","0,0","1,4","0,0","0,0","0,0","0,0","1,4","1,4","1,4","1,4","1,4"
4201,Bílina,42,19626,29. 9. 2026,22. 9. 2026,"0,0","0,0","0,0","0,0",50,100,75,50,0,25,25,50,25,0,50,0,50,0,0,0,0,25,0,0,0,0,0,0,0,0,25,0,0,0,0,0,0,0,0,0,0,0,0,0,0,0,0,0,0,0,0,0,0,0,0,"10,2","20,4","15,3","10,2","0,0","5,1","5,1","10,2","5,1","0,0","10,2","0,0","10,2","0,0","0,0","0,0","0,0","5,1","0,0","0,0","0,0","0,0","0,0","0,0","0,0","0,0","5,1","0,0","0,0","0,0","0,0","0,0","0,0","0,0","0,0","0,0","0,0","0,0","0,0","0,0","0,0","0,0","0,0","0,0","0,0","0,0","0,0","0,0","0,0","0,0","0,0","0,0","0,0","0,0","0,0","0,0","0,0","0,0","0,0"
4202,Děčín,42,75342,29. 9. 2026,22. 9. 2026,"2,7","2,7","2,7","0,0",63,80,100,47,20,13,30,13,20,23,13,17,37,13,20,17,7,7,7,0,3,0,0,0,0,0,0,0,3,3,0,0,0,0,3,0,3,0,3,0,0,0,0,0,0,0,0,0,0,0,0,"25,2","31,9","39,8","18,6","8,0","5,3","11,9","5,3","8,0","9,3","5,3","6,6","14,6","5,3","8,0","6,6","2,7","2,7","2,7","0,0","1,3","0,0","0,0","0,0","0,0","0,0","0,0","0,0","1,3","1,3","0,0","0,0","0,0","0,0","1,3","0,0","1,3","0,0","1,3","0,0","0,0","0,0","0,0","0,0","0,0","0,0","0,0","0,0","0,0","0,0","0,0","2,7","2,7","5,3","5,3","5,3","5,3","2,7","2,7"
4203,Chomutov,42,80665,29. 9. 2026,22. 9. 2026,"2,5","2,5","5,0","-2,5",100,98,45,43,42,48,22,23,13,20,17,25,20,7,10,13,5,10,3,0,7,2,3,0,2,3,3,0,0,3,0,0,0,0,0,0,0,0,0,0,0,0,0,2,0,0,0,0,3,0,3,"74,4","73,1","33,5","32,2","31,0","36,0","16,1","17,4","9,9","14,9","12,4","18,6","14,9","5,0","7,4","9,9","3,7","7,4","2,5","0,0","5,0","1,2","2,5","0,0","1,2","2,5","2,5","0,0","0,0","2,5","0,0","0,0","0,0","0,0","0,0","0,0","0,0","0,0","0,0","0,0","0,0","0,0","0,0","1,2","0,0","0,0","0,0","0,0","2,5","0,0","2,5","5,0","5,0","5,0","2,5","2,5","2,5","0,0","2,5"
4204,Kadaň,42,43370,29. 9. 2026,22. 9. 2026,"4,6","4,6","2,3","2,3",100,71,67,33,14,29,43,14,5,33,29,19,48,24,38,0,0,33,5,14,0,10,0,0,5,5,5,10,0,0,0,0,0,0,0,5,5,0,0,0,0,0,0,0,0,0,0,0,0,0,5,"48,4","34,6","32,3","16,1","6,9","13,8","20,8","6,9","2,3","16,1","13,8","9,2","23,1","11,5","18,4","0,0","0,0","16,1","2,3","6,9","0,0","4,6","0,0","0,0","2,3","2,3","2,3","4,6","0,0","0,0","0,0","0,0","0,0","0,0","0,0","2,3","2,3","0,0","0,0","0,0","0,0","0,0","0,0","0,0","0,0","0,0","0,0","0,0","0,0","0,0","2,3","2,3","2,3","2,3","0,0","0,0","0,0","0,0","4,6"
4205,Litoměřice,42,58580,29. 9. 2026,22. 9. 2026,"0,0","0,0","1,7","-1,7",88,100,56,47,24,12,15,12,3,6,12,15,3,3,3,6,3,3,6,6,3,6,0,0,3,0,9,0,0,3,0,0,0,0,0,0,0,0,0,0,0,0,0,0,0,0,0,0,0,0,0,"51,2","58,0","32,4","27,3","13,7","6,8","8,5","6,8","1,7","3,4","6,8","8,5","1,7","1,7","1,7","3,4","1,7","1,7","3,4","3,4","1,7","3,4","0,0","0,0","1,7","0,0","5,1","0,0","0,0","1,7","0,0","0,0","0,0","0,0","0,0","0,0","0,0","0,0","0,0","0,0","0,0","0,0","0,0","0,0","0,0","0,0","0,0","0,0","0,0","0,0","0,0","1,7","0,0","0,0","0,0","0,0","0,0","0,0","0,0"
4206,Litvínov,42,35946,29. 9. 2026,22. 9. 2026,"2,8","2,8","0,0","2,8",60,60,100,40,40,40,30,30,40,40,40,10,0,10,0,10,10,0,0,0,0,0,10,0,0,0,0,0,0,0,0,0,0,0,0,0,0,0,0,0,0,0,0,0,0,10,0,0,0,0,10,"16,7","16,7","27,8","11,1","11,1","11,1","8,3","8,3","11,1","11,1","11,1","2,8","0,0","2,8","0,0","2,8","2,8","0,0","0,0","0,0","0,0","0,0","2,8","0,0","0,0","0,0","0,0","0,0","0,0","0,0","0,0","0,0","0,0","0,0","0,0","0,0","0,0","0,0","0,0","0,0","0,0","0,0","0,0","0,0","0,0","2,8","0,0","0,0","0,0","0,0","2,8","0,0","0,0","0,0","2,8","2,8","2,8","2,8","2,8"
4207,Louny,42,43556,29. 9. 2026,22. 9. 2026,"0,0","0,0","0,0","0,0",78,100,61,44,33,33,39,22,11,11,6,11,17,11,6,0,6,6,6,0,0,0,0,0,0,0,0,0,0,0,0,0,0,0,0,0,0,0,0,0,0,0,0,0,0,0,0,0,6,0,0,"32,1","41,3","25,3","18,4","13,8","13,8","16,1","9,2","4,6","4,6","2,3","4,6","6,9","4,6","2,3","0,0","2,3","2,3","2,3","0,0","0,0","0,0","0,0","0,0","0,0","0,0","0,0","0,0","0,0","0,0","0,0","0,0","0,0","0,0","0,0","0,0","0,0","0,0","0,0","0,0","0,0","0,0","0,0","0,0","0,0","0,0","0,0","0,0","2,3","0,0","0,0","0,0","0,0","0,0","0,0","0,0","0,0","0,0","0,0"
4208,Lovosice,42,27626,29. 9. 2026,22. 9. 2026,"3,6","3,6","0,0","3,6",53,100,71,41,29,24,12,12,0,18,29,6,24,0,6,0,12,0,6,6,12,0,0,0,0,0,0,0,0,0,0,0,0,0,0,0,0,0,0,0,0,0,0,0,0,0,0,0,0,0,0,"32,6","61,5","43,4","25,3","18,1","14,5","7,2","7,2","0,0","10,9","18,1","3,6","14,5","0,0","3,6","0,0","7,2","0,0","3,6","3,6","7,2","0,0","0,0","0,0","0,0","0,0","0,0","0,0","0,0","0,0","0,0","0,0","0,0","0,0","0,0","0,0","0,0","0,0","0,0","0,0","0,0","0,0","0,0","0,0","0,0","0,0","0,0","0,0","0,0","0,0","0,0","0,0","0,0","3,6","3,6","3,6","3,6","3,6","3,6"
4209,Most,42,72170,29. 9. 2026,22. 9. 2026,"0,0","0,0","2,8","-2,8",100,90,83,33,43,47,23,23,20,23,47,13,13,7,3,3,7,13,7,0,7,0,0,0,0,3,3,0,0,0,0,0,0,0,0,0,3,0,0,0,0,3,0,0,0,0,0,0,0,0,0,"41,6","37,4","34,6","13,9","18,0","19,4","9,7","9,7","8,3","9,7","19,4","5,5","5,5","2,8","1,4","1,4","2,8","5,5","2,8","0,0","2,8","0,0","0,0","0,0","0,0","1,4","1,4","0,0","0,0","0,0","0,0","0,0","0,0","0,0","0,0","0,0","1,4","0,0","0,0","0,0","0,0","1,4","0,0","0,0","0,0","0,0","0,0","0,0","0,0","0,0","0,0","2,8","2,8","1,4","0,0","0,0","0,0","0,0","0,0"
4210,Podbořany,42,15712,29. 9. 2026,22. 9. 2026,"6,4","6,4","0,0","6,4",100,40,100,40,20,20,60,0,20,0,20,0,60,0,0,20,0,0,20,0,0,0,0,0,0,0,0,0,0,20,0,0,0,0,0,0,0,0,0,0,0,0,0,0,20,0,0,0,0,0,0,"31,8","12,7","31,8","12,7","6,4","6,4","19,1","0,0","6,4","0,0","6,4","0,0","19,1","0,0","0,0","6,4","0,0","0,0","6,4","0,0","0,0","0,0","0,0","0,0","0,0","0,0","0,0","0,0","0,0","6,4","0,0","0,0","0,0","0,0","0,0","0,0","0,0","0,0","0,0","0,0","0,0","0,0","0,0","0,0","6,4","0,0","0,0","0,0","0,0","0,0","0,0","0,0","0,0","0,0","0,0","0,0","0,0","0,0","6,4"
4211,Roudnice nad Labem,42,33151,29. 9. 2026,22. 9. 2026,"0,0","0,0","0,0","0,0",100,92,71,75,8,21,12,17,4,17,25,17,4,8,0,0,0,4,12,8,4,0,4,4,0,0,0,0,8,0,0,0,0,0,0,0,0,0,0,0,0,0,0,0,0,0,0,0,0,0,0,"72,4","66,4","51,3","54,3","6,0","15,1","9,0","12,1","3,0","12,1","18,1","12,1","3,0","6,0","0,0","0,0","0,0","3,0","9,0","6,0","3,0","0,0","3,0","3,0","0,0","0,0","0,0","0,0","6,0","0,0","0,0","0,0","0,0","0,0","0,0","0,0","0,0","0,0","0,0","0,0","0,0","0,0","0,0","0,0","0,0","0,0","0,0","0,0","0,0","0,0","0,0","0,0","0,0","0,0","0,0","0,0","0,0","0,0","0,0"
4212,Rumburk,42,32429,29. 9. 2026,22. 9. 2026,"0,0","0,0","0,0","0,0",0,20,40,60,40,0,20,0,20,0,20,0,20,0,0,20,100,0,0,0,0,0,0,0,0,0,0,0,0,0,0,0,0,0,0,0,0,0,0,0,0,0,0,0,0,0,0,0,0,0,0,"0,0","3,1","6,2","9,3","6,2","0,0","3,1","0,0","3,1","0,0","3,1","0,0","3,1","0,0","0,0","3,1","15,4","0,0","0,0","0,0","0,0","0,0","0,0","0,0","0,0","0,0","0,0","0,0","0,0","0,0","0,0","0,0","0,0","0,0","0,0","0,0","0,0","0,0","0,0","0,0","0,0","0,0","0,0","0,0","0,0","0,0","0,0","0,0","0,0","0,0","0,0","0,0","0,0","0,0","0,0","0,0","0,0","0,0","0,0"
4213,Teplice,42,108055,29. 9. 2026,22. 9. 2026,"1,9","1,9","1,9","0,0",100,91,73,97,67,70,33,18,24,36,45,30,18,12,9,15,6,21,18,3,3,9,9,3,6,3,0,0,0,0,0,0,0,0,3,0,0,0,0,0,0,3,0,0,0,0,0,0,3,0,12,"30,5","27,8","22,2","29,6","20,4","21,3","10,2","5,6","7,4","11,1","13,9","9,3","5,6","3,7","2,8","4,6","1,9","6,5","5,6","0,9","0,9","2,8","2,8","0,9","1,9","0,9","0,0","0,0","0,0","0,0","0,0","0,0","0,0","0,0","0,9","0,0","0,0","0,0","0,0","0,0","0,0","0,9","0,0","0,0","0,0","0,0","0,0","0,0","0,9","0,0","3,7","1,9","1,9","2,8","2,8","2,8","2,8","2,8","1,9"
4214,Ústí nad Labem,42,118839,29. 9. 2026,22. 9. 2026,"4,2","4,2","5,9","-1,7",100,91,92,53,37,36,34,17,25,18,28,26,9,8,16,13,9,7,30,3,3,11,1,3,1,0,0,0,4,1,0,0,0,1,0,0,0,0,0,0,0,3,0,3,0,0,1,0,1,0,3,"64,0","58,1","58,9","33,7","23,6","22,7","21,9","10,9","16,0","11,8","17,7","16,8","5,9","5,0","10,1","8,4","5,9","4,2","19,4","1,7","1,7","6,7","0,8","1,7","0,8","0,0","0,0","0,0","2,5","0,8","0,0","0,0","0,0","0,8","0,0","0,0","0,0","0,0","0,0","0,0","0,0","1,7","0,0","1,7","0,0","0,0","0,8","0,0","0,8","0,0","1,7","5,9","5,0","3,4","4,2","4,2","4,2","2,5","4,2"
4215,Varnsdorf,42,19498,29. 9. 2026,22. 9. 2026,"0,0","0,0","5,1","-5,1",33,33,100,67,33,0,0,0,0,0,0,0,0,33,33,0,0,33,33,33,0,0,0,0,0,0,0,0,0,0,0,0,0,0,0,0,0,0,0,0,0,0,0,0,0,0,0,0,0,0,0,"5,1","5,1","15,4","10,3","5,1","0,0","0,0","0,0","0,0","0,0","0,0","0,0","0,0","5,1","5,1","0,0","0,0","5,1","5,1","5,1","0,0","0,0","0,0","0,0","0,0","0,0","0,0","0,0","0,0","0,0","0,0","0,0","0,0","0,0","0,0","0,0","0,0","0,0","0,0","0,0","0,0","0,0","0,0","0,0","0,0","0,0","0,0","0,0","0,0","0,0","0,0","5,1","0,0","0,0","0,0","0,0","0,0","0,0","0,0"
4216,Žatec,42,27772,29. 9. 2026,22. 9. 2026,"0,0","0,0","0,0","0,0",40,100,30,10,20,40,30,20,10,10,10,10,0,20,0,0,10,10,10,0,0,10,0,0,0,0,0,0,0,0,0,0,0,0,0,0,0,0,0,0,0,0,0,0,0,0,0,0,0,0,10,"14,4","36,0","10,8","3,6","7,2","14,4","10,8","7,2","3,6","3,6","3,6","3,6","0,0","7,2","0,0","0,0","3,6","3,6","3,6","0,0","0,0","3,6","0,0","0,0","0,0","0,0","0,0","0,0","0,0","0,0","0,0","0,0","0,0","0,0","0,0","0,0","0,0","0,0","0,0","0,0","0,0","0,0","0,0","0,0","0,0","0,0","0,0","0,0","0,0","0,0","3,6","0,0","0,0","0,0","0,0","0,0","0,0","0,0","0,0"
5101,Česká Lípa,51,76995,29. 9. 2026,22. 9. 2026,"0,0","0,0","2,6","-2,6",100,58,89,33,14,8,31,17,6,19,6,8,8,3,8,3,6,11,6,0,0,3,3,3,3,0,0,0,0,0,0,0,0,0,0,0,0,3,3,0,0,0,0,0,3,0,3,0,0,0,6,"46,8","27,3","41,6","15,6","6,5","3,9","14,3","7,8","2,6","9,1","2,6","3,9","3,9","1,3","3,9","1,3","2,6","5,2","2,6","0,0","0,0","1,3","1,3","1,3","1,3","0,0","0,0","0,0","0,0","0,0","0,0","0,0","0,0","0,0","0,0","0,0","0,0","1,3","1,3","0,0","0,0","0,0","0,0","0,0","1,3","0,0","1,3","0,0","0,0","0,0","2,6","2,6","2,6","2,6","2,6","2,6","2,6","0,0","0,0"
5102,Frýdlant,51,24682,29. 9. 2026,22. 9. 2026,"4,1","4,1","0,0","4,1",40,100,73,60,60,27,13,7,7,47,0,20,13,13,20,20,27,27,20,7,0,20,0,0,0,0,0,0,0,0,0,0,0,7,0,0,0,0,0,0,0,0,0,0,0,0,0,13,0,0,7,"24,3","60,8","44,6","36,5","36,5","16,2","8,1","4,1","4,1","28,4","0,0","12,2","8,1","8,1","12,2","12,2","16,2","16,2","12,2","4,1","0,0","12,2","0,0","0,0","0,0","0,0","0,0","0,0","0,0","0,0","0,0","0,0","0,0","4,1","0,0","0,0","0,0","0,0","0,0","0,0","0,0","0,0","0,0","0,0","0,0","0,0","0,0","8,1","0,0","0,0","4,1","0,0","0,0","0,0","0,0","0,0","4,1","4,1","4,1"
5103,Jablonec nad Nisou,51,57541,29. 9. 2026,22. 9. 2026,"0,0","0,0","1,7","-1,7",95,100,84,84,79,42,5,5,32,21,58,26,16,5,5,16,5,0,0,11,0,5,0,5,0,0,0,5,5,0,5,0,0,0,0,0,0,0,0,0,0,0,0,0,0,0,0,0,0,0,5,"31,3","33,0","27,8","27,8","26,1","13,9","1,7","1,7","10,4","7,0","19,1","8,7","5,2","1,7","1,7","5,2","1,7","0,0","0,0","3,5","0,0","1,7","0,0","1,7","0,0","0,0","0,0","1,7","1,7","0,0","1,7","0,0","0,0","0,0","0,0","0,0","0,0","0,0","0,0","0,0","0,0","0,0","0,0","0,0","0,0","0,0","0,0","0,0","0,0","0,0","1,7","1,7","0,0","0,0","0,0","0,0","0,0","0,0","0,0"
5104,Jilemnice,51,22078,29. 9. 2026,22. 9. 2026,"4,5","4,5","0,0","4,5",57,93,100,43,21,29,43,21,14,0,43,29,36,14,7,7,0,0,14,7,0,7,0,0,14,0,0,0,0,7,14,0,0,0,0,0,0,0,0,0,0,0,0,0,0,0,0,0,0,0,0,"36,2","58,9","63,4","27,2","13,6","18,1","27,2","13,6","9,1","0,0","27,2","18,1","22,6","9,1","4,5","4,5","0,0","0,0","9,1","4,5","0,0","4,5","0,0","0,0","9,1","0,0","0,0","0,0","0,0","4,5","9,1","0,0","0,0","0,0","0,0","0,0","0,0","0,0","0,0","0,0","0,0","0,0","0,0","0,0","0,0","0,0","0,0","0,0","0,0","0,0","0,0","0,0","0,0","4,5","4,5","4,5","4,5","4,5","4,5"
5105,Liberec,51,149554,29. 9. 2026,22. 9. 2026,"34,1","34,1","2,7","31,4",97,100,70,57,26,41,14,17,24,28,37,31,25,9,11,17,9,15,11,6,2,2,3,5,0,2,1,1,3,1,0,1,5,0,0,0,0,1,0,0,0,0,1,0,0,0,0,1,1,1,2,"56,2","58,2","40,8","33,4","15,4","24,1","8,0","10,0","14,0","16,0","21,4","18,1","14,7","5,3","6,7","10,0","5,3","8,7","6,7","3,3","1,3","1,3","2,0","2,7","0,0","1,3","0,7","0,7","2,0","0,7","0,0","0,7","2,7","0,0","0,0","0,0","0,0","0,7","0,0","0,0","0,0","0,0","0,7","0,0","0,0","0,0","0,0","0,7","0,7","0,7","1,3","2,7","3,3","6,0","7,4","10,7","20,1","24,1","34,1"
5106,Nový Bor,51,26349,29. 9. 2026,22. 9. 2026,"0,0","0,0","0,0","0,0",100,42,58,89,21,32,32,16,5,11,5,16,11,16,5,5,5,5,11,0,5,0,0,0,0,0,5,0,0,0,0,0,0,0,0,5,11,0,0,0,0,0,0,0,0,0,0,0,5,5,5,"72,1","30,4","41,7","64,5","15,2","22,8","22,8","11,4","3,8","7,6","3,8","11,4","7,6","11,4","3,8","3,8","3,8","3,8","7,6","0,0","3,8","0,0","0,0","0,0","0,0","0,0","3,8","0,0","0,0","0,0","0,0","0,0","0,0","0,0","0,0","3,8","7,6","0,0","0,0","0,0","0,0","0,0","0,0","0,0","0,0","0,0","0,0","0,0","3,8","3,8","3,8","0,0","0,0","0,0","0,0","0,0","0,0","0,0","0,0"
5107,Semily,51,25605,29. 9. 2026,22. 9. 2026,"0,0","0,0","3,9","-3,9",57,100,87,39,13,22,26,17,30,9,4,9,17,13,4,13,0,0,4,9,0,4,0,0,0,0,4,0,0,0,0,0,0,0,0,0,4,0,0,0,0,0,0,0,0,0,0,0,0,0,0,"50,8","89,8","78,1","35,1","11,7","19,5","23,4","15,6","27,3","7,8","3,9","7,8","15,6","11,7","3,9","11,7","0,0","0,0","3,9","7,8","0,0","3,9","0,0","0,0","0,0","0,0","3,9","0,0","0,0","0,0","0,0","0,0","0,0","0,0","0,0","0,0","3,9","0,0","0,0","0,0","0,0","0,0","0,0","0,0","0,0","0,0","0,0","0,0","0,0","0,0","0,0","3,9","0,0","0,0","0,0","0,0","0,0","0,0","0,0"
5108,Tanvald,51,20542,29. 9. 2026,22. 9. 2026,"4,9","4,9","0,0","4,9",100,60,50,30,30,40,10,0,10,10,0,0,30,0,10,10,0,0,0,0,0,0,0,0,0,0,0,0,0,0,0,0,20,0,0,0,0,0,0,0,0,0,0,0,0,0,0,0,0,0,0,"48,7","29,2","24,3","14,6","14,6","19,5","4,9","0,0","4,9","4,9","0,0","0,0","14,6","0,0","4,9","4,9","0,0","0,0","0,0","0,0","0,0","0,0","0,0","0,0","0,0","0,0","0,0","0,0","0,0","0,0","0,0","0,0","9,7","0,0","0,0","0,0","0,0","0,0","0,0","0,0","0,0","0,0","0,0","0,0","0,0","0,0","0,0","0,0","0,0","0,0","0,0","0,0","0,0","0,0","0,0","4,9","4,9","4,9","4,9"
5109,Turnov,51,33505,29. 9. 2026,22. 9. 2026,"3,0","3,0","0,0","3,0",75,85,100,25,0,10,30,10,25,15,10,30,20,15,5,5,25,10,5,5,0,0,5,0,0,0,0,0,0,0,0,0,0,0,0,0,0,0,0,0,0,0,0,0,5,0,0,0,0,0,0,"44,8","50,7","59,7","14,9","0,0","6,0","17,9","6,0","14,9","9,0","6,0","17,9","11,9","9,0","3,0","3,0","14,9","6,0","3,0","3,0","0,0","0,0","3,0","0,0","0,0","0,0","0,0","0,0","0,0","0,0","0,0","0,0","0,0","0,0","0,0","0,0","0,0","0,0","0,0","0,0","0,0","0,0","0,0","0,0","3,0","0,0","0,0","0,0","0,0","0,0","0,0","0,0","3,0","3,0","3,0","3,0","3,0","3,0","3,0"
5110,Železný Brod,51,12326,29. 9. 2026,22. 9. 2026,"0,0","0,0","0,0","0,0",86,100,43,0,29,0,14,0,0,0,0,0,14,0,0,0,0,0,0,0,0,0,0,0,0,0,0,0,0,0,0,0,0,0,0,0,0,0,0,0,0,0,0,0,0,0,0,0,0,0,0,"48,7","56,8","24,3","0,0","16,2","0,0","8,1","0,0","0,0","0,0","0,0","0,0","8,1","0,0","0,0","0,0","0,0","0,0","0,0","0,0","0,0","0,0","0,0","0,0","0,0","0,0","0,0","0,0","0,0","0,0","0,0","0,0","0,0","0,0","0,0","0,0","0,0","0,0","0,0","0,0","0,0","0,0","0,0","0,0","0,0","0,0","0,0","0,0","0,0","0,0","0,0","0,0","0,0","0,0","0,0","0,0","0,0","0,0","0,0"
5201,Broumov,52,15665,29. 9. 2026,22. 9. 2026,"0,0","0,0","0,0","0,0",69,100,69,46,8,85,31,15,8,8,15,23,8,31,0,15,0,15,23,8,0,15,8,0,0,0,0,0,0,0,0,0,0,0,0,0,0,8,0,0,0,0,0,8,8,0,0,0,0,0,0,"57,5","83,0","57,5","38,3","6,4","70,2","25,5","12,8","6,4","6,4","12,8","19,2","6,4","25,5","0,0","12,8","0,0","12,8","19,2","6,4","0,0","12,8","6,4","0,0","0,0","0,0","0,0","0,0","0,0","0,0","0,0","0,0","0,0","0,0","0,0","0,0","0,0","6,4","0,0","0,0","0,0","0,0","0,0","6,4","6,4","0,0","0,0","0,0","0,0","0,0","0,0","0,0","0,0","0,0","0,0","0,0","0,0","0,0","0,0"
5202,Dobruška,52,20217,29. 9. 2026,22. 9. 2026,"4,9","4,9","0,0","4,9",100,100,62,25,12,50,12,25,25,0,25,25,0,12,25,0,0,0,0,0,0,12,12,0,12,0,0,0,0,0,0,0,0,0,0,0,0,0,0,0,0,0,0,0,12,0,0,0,0,0,0,"39,6","39,6","24,7","9,9","4,9","19,8","4,9","9,9","9,9","0,0","9,9","9,9","0,0","4,9","9,9","0,0","0,0","0,0","0,0","0,0","0,0","4,9","4,9","0,0","4,9","0,0","0,0","0,0","0,0","0,0","0,0","0,0","0,0","0,0","0,0","0,0","0,0","0,0","0,0","0,0","0,0","0,0","0,0","0,0","4,9","0,0","0,0","0,0","0,0","0,0","0,0","0,0","0,0","4,9","4,9","4,9","4,9","4,9","4,9"
5203,Dvůr Králové nad Labem,52,27118,29. 9. 2026,22. 9. 2026,"0,0","0,0","3,7","-3,7",56,100,78,52,41,41,52,37,56,48,63,52,26,0,26,19,11,7,7,0,0,7,0,4,7,7,4,4,4,7,19,0,4,0,0,0,0,0,0,4,0,0,0,0,0,0,0,0,0,4,0,"55,3","99,6","77,4","51,6","40,6","40,6","51,6","36,9","55,3","47,9","62,7","51,6","25,8","0,0","25,8","18,4","11,1","7,4","7,4","0,0","0,0","7,4","0,0","3,7","7,4","7,4","3,7","3,7","3,7","7,4","18,4","0,0","3,7","0,0","0,0","0,0","0,0","0,0","0,0","3,7","0,0","0,0","0,0","0,0","0,0","0,0","0,0","0,0","0,0","3,7","0,0","3,7","3,7","3,7","0,0","0,0","0,0","0,0","0,0"
5204,Hořice,52,18536,29. 9. 2026,22. 9. 2026,"0,0","0,0","0,0","0,0",50,100,42,42,75,25,42,42,8,17,33,58,50,8,17,0,0,8,8,8,8,0,0,0,0,0,0,8,0,0,0,0,0,0,0,0,0,0,0,0,0,0,0,0,0,0,0,0,0,0,8,"32,4","64,7","27,0","27,0","48,6","16,2","27,0","27,0","5,4","10,8","21,6","37,8","32,4","5,4","10,8","0,0","0,0","5,4","5,4","5,4","5,4","0,0","0,0","0,0","0,0","0,0","0,0","5,4","0,0","0,0","0,0","0,0","0,0","0,0","0,0","0,0","0,0","0,0","0,0","0,0","0,0","0,0","0,0","0,0","0,0","0,0","0,0","0,0","0,0","0,0","5,4","0,0","0,0","0,0","0,0","0,0","0,0","0,0","0,0"
5205,Hradec Králové,52,148986,29. 9. 2026,22. 9. 2026,"2,7","2,7","3,4","-0,7",76,100,59,43,46,24,17,13,15,21,18,21,29,11,11,22,6,9,4,5,3,1,1,1,1,1,1,0,2,0,1,0,0,1,0,1,1,1,0,1,1,1,0,0,1,0,1,2,1,1,1,"69,8","91,3","53,7","39,6","42,3","21,5","15,4","12,1","14,1","19,5","16,1","19,5","26,2","10,1","10,1","20,1","5,4","8,1","3,4","4,7","2,7","1,3","0,7","0,7","1,3","0,7","0,7","0,0","2,0","0,0","1,3","0,0","0,0","0,7","0,0","0,7","0,7","0,7","0,0","0,7","0,7","0,7","0,0","0,0","0,7","0,0","0,7","2,0","0,7","0,7","1,3","3,4","4,7","4,7","3,4","3,4","3,4","2,7","2,7"
5206,Jaroměř,52,19658,29. 9. 2026,22. 9. 2026,"0,0","0,0","0,0","0,0",75,88,88,100,38,50,38,12,25,25,50,25,25,12,12,0,0,0,25,0,12,0,25,12,0,0,0,0,0,0,0,0,0,0,0,0,0,0,0,0,0,0,0,0,0,0,0,0,0,0,0,"30,5","35,6","35,6","40,7","15,3","20,3","15,3","5,1","10,2","10,2","20,3","10,2","10,2","5,1","5,1","0,0","0,0","0,0","10,2","0,0","5,1","0,0","10,2","5,1","0,0","0,0","0,0","0,0","0,0","0,0","0,0","0,0","0,0","0,0","0,0","0,0","0,0","0,0","0,0","0,0","0,0","0,0","0,0","0,0","0,0","0,0","0,0","0,0","0,0","0,0","0,0","0,0","0,0","0,0","0,0","0,0","0,0","0,0","0,0"
5207,Jičín,52,48653,29. 9. 2026,22. 9. 2026,"0,0","0,0","4,1","-4,1",100,86,55,45,25,27,18,10,12,20,31,16,33,8,16,4,10,8,2,4,4,6,0,8,6,0,0,0,4,8,4,0,2,2,2,0,0,0,0,2,0,0,0,0,0,0,2,4,2,4,0,"104,8","90,4","57,6","47,3","26,7","28,8","18,5","10,3","12,3","20,6","32,9","16,4","34,9","8,2","16,4","4,1","10,3","8,2","2,1","4,1","4,1","6,2","0,0","8,2","6,2","0,0","0,0","0,0","4,1","8,2","4,1","0,0","2,1","2,1","2,1","0,0","0,0","0,0","0,0","2,1","0,0","0,0","0,0","0,0","0,0","0,0","2,1","4,1","2,1","4,1","0,0","4,1","4,1","4,1","4,1","4,1","4,1","0,0","0,0"
5208,Kostelec nad Orlicí,52,25176,29. 9. 2026,22. 9. 2026,"0,0","0,0","0,0","0,0",100,86,86,50,50,64,21,29,14,14,21,36,14,14,21,0,0,7,7,7,0,0,0,0,0,0,0,0,0,7,0,0,0,0,0,0,0,0,0,0,0,0,0,0,0,0,0,0,7,14,0,"55,6","47,7","47,7","27,8","27,8","35,7","11,9","15,9","7,9","7,9","11,9","19,9","7,9","7,9","11,9","0,0","0,0","4,0","4,0","4,0","0,0","0,0","0,0","0,0","0,0","0,0","0,0","0,0","0,0","4,0","0,0","0,0","0,0","0,0","0,0","0,0","0,0","0,0","0,0","0,0","0,0","0,0","0,0","0,0","0,0","0,0","0,0","0,0","4,0","7,9","0,0","0,0","0,0","0,0","0,0","0,0","0,0","0,0","0,0"
5209,Náchod,52,60788,29. 9. 2026,22. 9. 2026,"0,0","0,0","1,6","-1,6",47,100,53,38,29,36,9,16,9,16,4,2,7,7,2,2,4,2,4,7,2,0,2,2,0,0,2,0,0,2,0,0,2,0,0,0,0,2,2,0,0,0,0,0,0,2,0,0,0,0,2,"34,5","74,0","39,5","28,0","21,4","26,3","6,6","11,5","6,6","11,5","3,3","1,6","4,9","4,9","1,6","1,6","3,3","1,6","3,3","4,9","1,6","0,0","1,6","1,6","0,0","0,0","1,6","0,0","0,0","1,6","0,0","0,0","1,6","0,0","0,0","0,0","0,0","1,6","1,6","0,0","0,0","0,0","0,0","0,0","0,0","1,6","0,0","0,0","0,0","0,0","1,6","1,6","1,6","0,0","0,0","0,0","0,0","0,0","0,0"
5210,Nová Paka,52,13389,29. 9. 2026,22. 9. 2026,"0,0","0,0","0,0","0,0",56,50,56,25,6,6,6,6,25,38,38,62,100,19,0,6,12,31,6,25,31,12,19,6,12,6,6,6,12,6,0,0,6,12,6,6,0,0,0,0,0,0,0,0,0,0,0,0,0,0,0,"67,2","59,8","67,2","29,9","7,5","7,5","7,5","7,5","29,9","44,8","44,8","74,7","119,5","22,4","0,0","7,5","14,9","37,3","7,5","29,9","37,3","14,9","22,4","7,5","14,9","7,5","7,5","7,5","14,9","7,5","0,0","0,0","7,5","14,9","7,5","7,5","0,0","0,0","0,0","0,0","0,0","0,0","0,0","0,0","0,0","0,0","0,0","0,0","0,0","0,0","0,0","0,0","0,0","0,0","0,0","0,0","0,0","0,0","0,0"
5211,Nové Město nad Metují,52,14211,29. 9. 2026,22. 9. 2026,"0,0","0,0","0,0","0,0",100,90,90,40,10,0,20,10,0,20,0,20,40,20,10,0,20,0,0,0,0,0,0,0,0,10,0,0,0,0,0,0,0,0,0,0,0,0,0,0,0,0,0,0,0,0,0,0,0,0,0,"70,4","63,3","63,3","28,1","7,0","0,0","14,1","7,0","0,0","14,1","0,0","14,1","28,1","14,1","7,0","0,0","14,1","0,0","0,0","0,0","0,0","0,0","0,0","0,0","0,0","7,0","0,0","0,0","0,0","0,0","0,0","0,0","0,0","0,0","0,0","0,0","0,0","0,0","0,0","0,0","0,0","0,0","0,0","0,0","0,0","0,0","0,0","0,0","0,0","0,0","0,0","0,0","0,0","0,0","0,0","0,0","0,0","0,0","0,0"
5212,Nový Bydžov,52,18003,29. 9. 2026,22. 9. 2026,"0,0","0,0","0,0","0,0",55,64,100,55,27,36,64,36,45,18,0,45,27,9,0,9,18,9,18,18,0,0,0,0,0,0,0,0,0,0,0,0,0,0,0,9,0,0,0,0,0,0,0,0,0,0,0,0,0,0,0,"33,3","38,9","61,1","33,3","16,7","22,2","38,9","22,2","27,8","11,1","0,0","27,8","16,7","5,6","0,0","5,6","11,1","5,6","11,1","11,1","0,0","0,0","0,0","0,0","0,0","0,0","0,0","0,0","0,0","0,0","0,0","0,0","0,0","0,0","0,0","5,6","0,0","0,0","0,0","0,0","0,0","0,0","0,0","0,0","0,0","0,0","0,0","0,0","0,0","0,0","0,0","0,0","0,0","0,0","0,0","0,0","0,0","0,0","0,0"
5213,Rychnov nad Kněžnou,52,34793,29. 9. 2026,22. 9. 2026,"0,0","0,0","0,0","0,0",93,100,79,54,68,57,11,21,11,14,14,11,14,7,4,4,7,0,11,0,4,0,7,7,4,0,4,0,0,0,0,0,0,0,4,0,0,4,0,4,0,0,0,0,0,0,0,0,0,0,0,"74,7","80,5","63,2","43,1","54,6","46,0","8,6","17,2","8,6","11,5","11,5","8,6","11,5","5,7","2,9","2,9","5,7","0,0","8,6","0,0","2,9","0,0","5,7","5,7","2,9","0,0","2,9","0,0","0,0","0,0","0,0","0,0","0,0","0,0","2,9","0,0","0,0","2,9","0,0","2,9","0,0","0,0","0,0","0,0","0,0","0,0","0,0","0,0","0,0","0,0","0,0","0,0","0,0","0,0","0,0","0,0","0,0","0,0","0,0"
5214,Trutnov,52,62699,29. 9. 2026,22. 9. 2026,"0,0","0,0","1,6","-1,6",90,77,100,32,19,19,3,13,13,16,29,19,13,0,10,10,6,0,13,3,0,3,0,3,0,3,3,0,0,6,3,0,0,0,0,0,0,3,0,0,0,0,0,0,3,0,0,0,0,0,3,"44,7","38,3","49,4","15,9","9,6","9,6","1,6","6,4","6,4","8,0","14,4","9,6","6,4","0,0","4,8","4,8","3,2","0,0","6,4","1,6","0,0","1,6","0,0","1,6","0,0","1,6","1,6","0,0","0,0","3,2","1,6","0,0","0,0","0,0","0,0","0,0","0,0","1,6","0,0","0,0","0,0","0,0","0,0","0,0","1,6","0,0","0,0","0,0","0,0","0,0","1,6","1,6","1,6","1,6","1,6","1,6","1,6","1,6","0,0"
5215,Vrchlabí,52,27375,29. 9. 2026,22. 9. 2026,"0,0","0,0","0,0","0,0",100,83,50,25,25,25,8,0,8,42,8,8,25,8,8,8,8,0,0,8,8,8,8,0,0,0,0,0,0,0,0,0,0,0,0,0,0,0,0,0,0,0,0,0,0,0,0,0,0,0,8,"43,8","36,5","21,9","11,0","11,0","11,0","3,7","0,0","3,7","18,3","3,7","3,7","11,0","3,7","3,7","3,7","3,7","0,0","0,0","3,7","3,7","3,7","3,7","0,0","0,0","0,0","0,0","0,0","0,0","0,0","0,0","0,0","0,0","0,0","0,0","0,0","0,0","0,0","0,0","0,0","0,0","0,0","0,0","0,0","0,0","0,0","0,0","0,0","0,0","0,0","3,7","0,0","0,0","0,0","0,0","0,0","0,0","0,0","0,0"
5301,Česká Třebová,53,17834,29. 9. 2026,22. 9. 2026,"0,0","0,0","0,0","0,0",100,54,62,19,27,4,27,19,4,19,8,12,23,0,0,4,8,12,12,0,8,0,0,0,0,0,0,0,0,0,0,0,0,0,0,0,0,0,0,0,0,0,0,0,0,4,0,0,0,0,0,"145,8","78,5","89,7","28,0","39,3","5,6","39,3","28,0","5,6","28,0","11,2","16,8","33,6","0,0","0,0","5,6","11,2","16,8","16,8","0,0","11,2","0,0","0,0","0,0","0,0","0,0","0,0","0,0","0,0","0,0","0,0","0,0","0,0","0,0","0,0","0,0","0,0","0,0","0,0","0,0","0,0","0,0","0,0","0,0","0,0","5,6","0,0","0,0","0,0","0,0","0,0","0,0","0,0","0,0","0,0","0,0","0,0","0,0","0,0"
5302,Hlinsko,53,21127,29. 9. 2026,22. 9. 2026,"0,0","0,0","0,0","0,0",88,100,62,12,38,12,19,0,44,12,12,6,0,6,12,19,0,19,19,0,6,0,0,0,0,0,0,0,0,0,0,0,0,0,0,0,0,0,0,0,0,0,0,0,0,0,0,0,6,0,0,"66,3","75,7","47,3","9,5","28,4","9,5","14,2","0,0","33,1","9,5","9,5","4,7","0,0","4,7","9,5","14,2","0,0","14,2","14,2","0,0","4,7","0,0","0,0","0,0","0,0","0,0","0,0","0,0","0,0","0,0","0,0","0,0","0,0","0,0","0,0","0,0","0,0","0,0","0,0","0,0","0,0","0,0","0,0","0,0","0,0","0,0","0,0","0,0","4,7","0,0","0,0","0,0","0,0","0,0","0,0","0,0","0,0","0,0","0,0"
5303,Holice,53,18656,29. 9. 2026,22. 9. 2026,"0,0","0,0","0,0","0,0",100,95,41,41,32,41,45,5,14,5,14,27,18,5,9,9,14,0,9,0,5,0,0,0,0,5,5,0,5,0,0,0,5,0,0,0,0,0,0,0,0,0,0,0,0,0,0,0,0,0,0,"117,9","112,6","48,2","48,2","37,5","48,2","53,6","5,4","16,1","5,4","16,1","32,2","21,4","5,4","10,7","10,7","16,1","0,0","10,7","0,0","5,4","0,0","0,0","0,0","0,0","5,4","5,4","0,0","5,4","0,0","0,0","0,0","5,4","0,0","0,0","0,0","0,0","0,0","0,0","0,0","0,0","0,0","0,0","0,0","0,0","0,0","0,0","0,0","0,0","0,0","0,0","0,0","0,0","0,0","0,0","0,0","0,0","0,0","0,0"
5304,Chrudim,53,85271,29. 9. 2026,22. 9. 2026,"2,3","2,3","1,2","1,2",84,100,95,73,30,57,49,19,14,19,62,38,32,0,22,27,19,27,5,8,5,5,3,0,0,0,0,0,0,3,0,0,0,0,0,0,0,0,0,0,0,0,3,0,0,0,0,0,3,0,3,"36,4","43,4","41,0","31,7","12,9","24,6","21,1","8,2","5,9","8,2","27,0","16,4","14,1","0,0","9,4","11,7","8,2","11,7","2,3","3,5","2,3","2,3","1,2","0,0","0,0","0,0","0,0","0,0","0,0","1,2","0,0","0,0","0,0","0,0","0,0","0,0","0,0","0,0","0,0","0,0","0,0","0,0","1,2","0,0","0,0","0,0","0,0","0,0","1,2","0,0","1,2","1,2","1,2","1,2","2,3","2,3","2,3","2,3","2,3"
5305,Králíky,53,8557,29. 9. 2026,22. 9. 2026,"0,0","0,0","0,0","0,0",100,0,100,100,0,0,100,0,0,0,0,0,100,0,0,0,0,0,0,0,0,0,0,0,0,0,0,0,0,0,0,0,0,0,0,0,0,0,0,0,0,0,0,0,0,0,0,0,100,0,0,"11,7","0,0","11,7","11,7","0,0","0,0","11,7","0,0","0,0","0,0","0,0","0,0","11,7","0,0","0,0","0,0","0,0","0,0","0,0","0,0","0,0","0,0","0,0","0,0","0,0","0,0","0,0","0,0","0,0","0,0","0,0","0,0","0,0","0,0","0,0","0,0","0,0","0,0","0,0","0,0","0,0","0,0","0,0","0,0","0,0","0,0","0,0","0,0","11,7","0,0","0,0","0,0","0,0","0,0","0,0","0,0","0,0","0,0","0,0"
5306,Lanškroun,53,23082,29. 9. 2026,22. 9. 2026,"0,0","0,0","0,0","0,0",35,100,71,18,6,6,12,24,24,0,12,18,12,6,12,0,0,0,0,6,0,6,6,0,0,0,6,0,0,0,0,0,0,0,0,0,0,0,0,0,0,0,0,0,0,0,0,0,0,0,0,"26,0","73,7","52,0","13,0","4,3","4,3","8,7","17,3","17,3","0,0","8,7","13,0","8,7","4,3","8,7","0,0","0,0","0,0","0,0","4,3","0,0","4,3","4,3","0,0","0,0","0,0","4,3","0,0","0,0","0,0","0,0","0,0","0,0","0,0","0,0","0,0","0,0","0,0","0,0","0,0","0,0","0,0","0,0","0,0","0,0","0,0","0,0","0,0","0,0","0,0","0,0","0,0","0,0","0,0","0,0","0,0","0,0","0,0","0,0"
5307,Litomyšl,53,27691,29. 9. 2026,22. 9. 2026,"0,0","0,0","3,6","-3,6",100,35,35,45,13,32,10,16,19,6,23,26,13,3,0,10,10,3,0,0,10,0,0,0,3,3,0,0,0,0,0,0,0,0,0,0,0,0,0,0,0,0,0,0,0,0,0,0,0,0,0,"111,9","39,7","39,7","50,6","14,4","36,1","10,8","18,1","21,7","7,2","25,3","28,9","14,4","3,6","0,0","10,8","10,8","3,6","0,0","0,0","10,8","0,0","0,0","0,0","3,6","3,6","0,0","0,0","0,0","0,0","0,0","0,0","0,0","0,0","0,0","0,0","0,0","0,0","0,0","0,0","0,0","0,0","0,0","0,0","0,0","0,0","0,0","0,0","0,0","0,0","0,0","3,6","3,6","3,6","3,6","3,6","3,6","0,0","0,0"
5308,Moravská Třebová,53,25961,29. 9. 2026,22. 9. 2026,"7,7","7,7","7,7","0,0",68,100,63,53,68,79,79,5,11,26,42,74,42,16,0,5,5,16,21,5,5,5,11,21,11,5,0,5,0,0,0,0,0,0,0,0,0,0,0,0,0,0,5,0,5,0,0,0,0,0,0,"50,1","73,2","46,2","38,5","50,1","57,8","57,8","3,9","7,7","19,3","30,8","53,9","30,8","11,6","0,0","3,9","3,9","11,6","15,4","3,9","3,9","3,9","7,7","15,4","7,7","3,9","0,0","3,9","0,0","0,0","0,0","0,0","0,0","0,0","0,0","0,0","0,0","0,0","0,0","0,0","0,0","0,0","3,9","0,0","3,9","0,0","0,0","0,0","0,0","0,0","0,0","7,7","3,9","3,9","3,9","3,9","3,9","3,9","7,7"
5309,Pardubice,53,134359,29. 9. 2026,22. 9. 2026,"3,0","3,0","0,0","3,0",100,79,72,53,33,46,15,10,19,13,18,12,21,6,5,7,4,4,1,2,3,1,0,4,0,0,0,2,1,1,0,0,5,1,0,0,1,0,0,0,0,0,1,1,0,1,1,0,0,0,1,"75,2","59,5","54,3","40,2","24,6","34,2","11,2","7,4","14,1","9,7","13,4","8,9","15,6","4,5","3,7","5,2","3,0","3,0","0,7","1,5","2,2","0,7","0,0","3,0","0,0","0,0","0,0","1,5","0,7","0,7","0,0","0,0","3,7","0,7","0,0","0,0","0,7","0,0","0,0","0,0","0,0","0,0","0,7","0,7","0,0","0,7","0,7","0,0","0,0","0,0","0,7","0,0","0,7","0,7","0,7","0,7","0,7","0,7","3,0"
5310,Polička,53,19904,29. 9. 2026,22. 9. 2026,"0,0","0,0","5,0","-5,0",50,100,69,44,31,33,11,22,11,6,14,6,6,0,3,0,3,0,6,0,3,6,3,0,3,0,0,0,0,0,0,0,0,0,6,3,0,0,0,0,0,0,0,0,0,0,3,8,0,0,0,"90,4","180,9","125,6","80,4","55,3","60,3","20,1","40,2","20,1","10,0","25,1","10,0","10,0","0,0","5,0","0,0","5,0","0,0","10,0","0,0","5,0","10,0","5,0","0,0","5,0","0,0","0,0","0,0","0,0","0,0","0,0","0,0","0,0","0,0","10,0","5,0","0,0","0,0","0,0","0,0","0,0","0,0","0,0","0,0","0,0","0,0","5,0","15,1","0,0","0,0","0,0","5,0","5,0","5,0","5,0","5,0","5,0","0,0","0,0"
5311,Přelouč,53,26522,29. 9. 2026,22. 9. 2026,"0,0","0,0","0,0","0,0",100,83,67,58,33,8,8,17,25,8,17,0,25,25,8,0,8,8,0,0,0,0,0,0,0,0,0,0,0,0,0,0,0,0,0,0,0,0,0,0,0,0,0,0,0,0,0,0,0,0,0,"45,2","37,7","30,2","26,4","15,1","3,8","3,8","7,5","11,3","3,8","7,5","0,0","11,3","11,3","3,8","0,0","3,8","3,8","0,0","0,0","0,0","0,0","0,0","0,0","0,0","0,0","0,0","0,0","0,0","0,0","0,0","0,0","0,0","0,0","0,0","0,0","0,0","0,0","0,0","0,0","0,0","0,0","0,0","0,0","0,0","0,0","0,0","0,0","0,0","0,0","0,0","0,0","0,0","0,0","0,0","0,0","0,0","0,0","0,0"
5312,Svitavy,53,31020,29. 9. 2026,22. 9. 2026,"0,0","0,0","0,0","0,0",85,100,77,77,31,54,31,31,8,54,46,38,23,0,23,0,0,0,8,0,0,0,0,0,0,0,8,0,8,0,0,0,0,0,0,0,0,0,0,0,0,0,0,0,0,0,8,8,0,8,0,"35,5","41,9","32,2","32,2","12,9","22,6","12,9","12,9","3,2","22,6","19,3","16,1","9,7","0,0","9,7","0,0","0,0","0,0","3,2","0,0","0,0","0,0","0,0","0,0","0,0","0,0","3,2","0,0","3,2","0,0","0,0","0,0","0,0","0,0","0,0","0,0","0,0","0,0","0,0","0,0","0,0","0,0","0,0","0,0","0,0","0,0","3,2","3,2","0,0","3,2","0,0","0,0","0,0","0,0","0,0","0,0","0,0","0,0","0,0"
5313,Ústí nad Orlicí,53,26493,29. 9. 2026,22. 9. 2026,"0,0","0,0","0,0","0,0",100,73,50,36,36,18,41,14,9,9,23,9,23,14,18,18,5,5,0,0,9,0,5,0,5,0,5,5,0,0,0,0,0,0,0,0,0,0,0,0,0,0,5,0,0,0,0,0,0,0,0,"83,0","60,4","41,5","30,2","30,2","15,1","34,0","11,3","7,5","7,5","18,9","7,5","18,9","11,3","15,1","15,1","3,8","3,8","0,0","0,0","7,5","0,0","3,8","0,0","3,8","0,0","3,8","3,8","0,0","0,0","0,0","0,0","0,0","0,0","0,0","0,0","0,0","0,0","0,0","0,0","0,0","0,0","3,8","0,0","0,0","0,0","0,0","0,0","0,0","0,0","0,0","0,0","0,0","0,0","0,0","0,0","0,0","0,0","0,0"
5314,Vysoké Mýto,53,32804,29. 9. 2026,22. 9. 2026,"0,0","0,0","0,0","0,0",86,100,81,81,30,22,11,16,11,16,14,30,35,5,11,3,3,5,0,3,3,5,3,0,5,8,0,0,3,0,0,0,0,0,0,0,0,0,0,0,0,0,3,0,0,0,0,0,0,0,0,"97,5","112,8","91,5","91,5","33,5","24,4","12,2","18,3","12,2","18,3","15,2","33,5","39,6","6,1","12,2","3,0","3,0","6,1","0,0","3,0","3,0","6,1","3,0","0,0","6,1","9,1","0,0","0,0","3,0","0,0","0,0","0,0","0,0","0,0","0,0","0,0","0,0","0,0","0,0","0,0","0,0","0,0","3,0","0,0","0,0","0,0","0,0","0,0","0,0","0,0","0,0","0,0","0,0","0,0","0,0","0,0","0,0","0,0","0,0"
5315,Žamberk,53,29480,29. 9. 2026,22. 9. 2026,"0,0","0,0","3,4","-3,4",100,86,29,86,29,48,33,29,29,10,10,67,33,14,5,0,5,14,10,19,0,10,0,5,0,0,0,5,0,0,0,0,0,0,0,0,0,0,0,0,0,0,0,0,0,0,0,0,0,0,0,"71,2","61,1","20,4","61,1","20,4","33,9","23,7","20,4","20,4","6,8","6,8","47,5","23,7","10,2","3,4","0,0","3,4","10,2","6,8","13,6","0,0","6,8","0,0","3,4","0,0","0,0","0,0","3,4","0,0","0,0","0,0","0,0","0,0","0,0","0,0","0,0","0,0","0,0","0,0","0,0","0,0","0,0","0,0","0,0","0,0","0,0","0,0","0,0","0,0","0,0","0,0","3,4","3,4","3,4","3,4","3,4","3,4","0,0","0,0"
6301,Bystřice nad Pernštejnem,63,19675,29. 9. 2026,22. 9. 2026,"0,0","0,0","5,1","-5,1",100,38,75,25,38,50,38,25,38,12,50,12,25,38,0,25,0,0,0,0,0,0,0,12,0,0,0,0,0,0,0,0,0,0,0,0,0,0,0,0,0,0,0,0,0,0,0,0,0,0,12,"40,7","15,2","30,5","10,2","15,2","20,3","15,2","10,2","15,2","5,1","20,3","5,1","10,2","15,2","0,0","10,2","0,0","0,0","0,0","0,0","0,0","0,0","0,0","5,1","0,0","0,0","0,0","0,0","0,0","0,0","0,0","0,0","0,0","0,0","0,0","0,0","0,0","0,0","0,0","0,0","0,0","0,0","0,0","0,0","0,0","0,0","0,0","0,0","0,0","0,0","5,1","5,1","5,1","0,0","0,0","0,0","0,0","0,0","0,0"
6302,Havlíčkův Brod,63,53841,29. 9. 2026,22. 9. 2026,"0,0","0,0","3,7","-3,7",74,100,60,58,40,60,40,9,19,33,23,30,12,7,16,14,2,7,2,2,12,9,7,14,2,2,0,0,0,0,2,0,0,0,0,5,0,0,0,2,0,0,0,0,0,0,2,0,2,0,0,"59,4","79,9","48,3","46,4","31,6","48,3","31,6","7,4","14,9","26,0","18,6","24,1","9,3","5,6","13,0","11,1","1,9","5,6","1,9","1,9","9,3","7,4","5,6","11,1","1,9","1,9","0,0","0,0","0,0","0,0","1,9","0,0","0,0","0,0","0,0","3,7","0,0","0,0","0,0","1,9","0,0","0,0","0,0","0,0","0,0","0,0","1,9","0,0","1,9","0,0","0,0","3,7","3,7","1,9","1,9","1,9","1,9","0,0","0,0"
6303,Humpolec,63,18492,29. 9. 2026,22. 9. 2026,"5,4","5,4","5,4","0,0",82,100,82,76,12,24,18,18,18,24,18,24,6,0,24,6,6,0,0,12,0,6,0,0,6,0,0,12,6,0,0,0,0,0,0,0,0,0,0,0,0,0,0,0,0,0,0,12,0,0,0,"75,7","91,9","75,7","70,3","10,8","21,6","16,2","16,2","16,2","21,6","16,2","21,6","5,4","0,0","21,6","5,4","5,4","0,0","0,0","10,8","0,0","5,4","0,0","0,0","5,4","0,0","0,0","10,8","5,4","0,0","0,0","0,0","0,0","0,0","0,0","0,0","0,0","0,0","0,0","0,0","0,0","0,0","0,0","0,0","0,0","0,0","0,0","10,8","0,0","0,0","0,0","5,4","5,4","10,8","10,8","10,8","10,8","10,8","5,4"
6304,Chotěboř,63,21745,29. 9. 2026,22. 9. 2026,"4,6","4,6","4,6","0,0",76,100,82,55,33,33,30,15,24,64,39,18,3,9,21,6,3,6,12,6,6,3,3,0,3,3,0,0,3,0,6,0,0,0,0,0,0,0,0,0,0,0,0,0,0,0,0,0,0,0,0,"115,0","151,8","124,2","82,8","50,6","50,6","46,0","23,0","36,8","96,6","59,8","27,6","4,6","13,8","32,2","9,2","4,6","9,2","18,4","9,2","9,2","4,6","4,6","0,0","4,6","4,6","0,0","0,0","4,6","0,0","9,2","0,0","0,0","0,0","0,0","0,0","0,0","0,0","0,0","0,0","0,0","0,0","0,0","0,0","0,0","0,0","0,0","0,0","0,0","0,0","0,0","4,6","4,6","4,6","4,6","4,6","4,6","4,6","4,6"
6305,Jihlava,63,102996,29. 9. 2026,22. 9. 2026,"1,0","1,0","0,0","1,0",96,100,82,49,35,25,27,22,16,2,27,16,16,6,4,2,4,0,4,2,2,0,2,0,2,0,0,0,2,0,0,0,0,0,0,0,0,0,0,0,0,0,0,0,0,2,0,0,2,2,2,"47,6","49,5","40,8","24,3","17,5","12,6","13,6","10,7","7,8","1,0","13,6","7,8","7,8","2,9","1,9","1,0","1,9","0,0","1,9","1,0","1,0","0,0","1,0","0,0","1,0","0,0","0,0","0,0","1,0","0,0","0,0","0,0","0,0","0,0","0,0","0,0","0,0","0,0","0,0","0,0","0,0","0,0","0,0","0,0","0,0","1,0","0,0","0,0","1,0","1,0","1,0","0,0","0,0","1,0","1,0","1,0","1,0","1,0","1,0"
6306,Moravské Budějovice,63,22919,29. 9. 2026,22. 9. 2026,"0,0","0,0","4,4","-4,4",75,81,44,100,62,56,38,25,12,31,81,19,6,19,6,0,0,6,0,6,12,6,6,0,0,0,0,0,0,0,0,6,0,0,0,0,0,0,0,0,0,0,0,0,0,0,6,6,0,6,0,"52,4","56,7","30,5","69,8","43,6","39,3","26,2","17,5","8,7","21,8","56,7","13,1","4,4","13,1","4,4","0,0","0,0","4,4","0,0","4,4","8,7","4,4","4,4","0,0","0,0","0,0","0,0","0,0","0,0","0,0","0,0","4,4","0,0","0,0","0,0","0,0","0,0","0,0","0,0","0,0","0,0","0,0","0,0","0,0","0,0","0,0","4,4","4,4","0,0","4,4","0,0","4,4","0,0","0,0","0,0","0,0","0,0","0,0","0,0"
6307,Náměšť nad Oslavou,63,13566,29. 9. 2026,22. 9. 2026,"14,7","14,7","0,0","14,7",100,31,92,8,46,46,15,31,38,23,46,8,15,8,15,0,0,0,0,0,8,0,0,0,0,0,0,0,0,0,0,8,0,0,0,0,0,0,0,0,0,0,0,0,0,8,0,0,0,0,0,"95,8","29,5","88,5","7,4","44,2","44,2","14,7","29,5","36,9","22,1","44,2","7,4","14,7","7,4","14,7","0,0","0,0","0,0","0,0","0,0","7,4","0,0","0,0","0,0","0,0","0,0","0,0","0,0","0,0","0,0","0,0","7,4","0,0","0,0","0,0","0,0","0,0","0,0","0,0","0,0","0,0","0,0","0,0","0,0","0,0","7,4","0,0","0,0","0,0","0,0","0,0","0,0","0,0","0,0","0,0","0,0","0,0","0,0","14,7"
6308,Nové Město na Moravě,63,19419,29. 9. 2026,22. 9. 2026,"0,0","0,0","0,0","0,0",100,37,32,32,16,42,21,16,5,26,32,26,16,5,11,5,0,5,0,5,11,0,0,0,5,0,0,5,0,0,0,0,0,5,0,0,0,0,0,0,0,0,0,0,0,0,0,0,0,0,0,"97,8","36,0","30,9","30,9","15,4","41,2","20,6","15,4","5,1","25,7","30,9","25,7","15,4","5,1","10,3","5,1","0,0","5,1","0,0","5,1","10,3","0,0","0,0","0,0","5,1","0,0","0,0","5,1","0,0","0,0","0,0","0,0","0,0","5,1","0,0","0,0","0,0","0,0","0,0","0,0","0,0","0,0","0,0","0,0","0,0","0,0","0,0","0,0","0,0","0,0","0,0","0,0","0,0","0,0","0,0","0,0","0,0","0,0","0,0"
6309,Pacov,63,9478,29. 9. 2026,22. 9. 2026,"10,6","10,6","0,0","10,6",56,22,100,33,0,33,44,0,22,0,11,11,0,0,0,0,0,11,0,0,11,0,0,0,0,0,0,0,0,0,0,0,0,0,0,0,0,0,0,0,0,0,0,0,0,0,0,0,0,0,0,"52,8","21,1","95,0","31,7","0,0","31,7","42,2","0,0","21,1","0,0","10,6","10,6","0,0","0,0","0,0","0,0","0,0","10,6","0,0","0,0","10,6","0,0","0,0","0,0","0,0","0,0","0,0","0,0","0,0","0,0","0,0","0,0","0,0","0,0","0,0","0,0","0,0","0,0","0,0","0,0","0,0","0,0","0,0","0,0","0,0","0,0","0,0","0,0","0,0","0,0","0,0","0,0","0,0","0,0","0,0","0,0","0,0","0,0","10,6"
6310,Pelhřimov,63,46163,29. 9. 2026,22. 9. 2026,"0,0","0,0","2,2","-2,2",62,100,78,68,22,41,30,19,30,35,8,14,11,0,11,0,14,5,11,0,3,3,3,0,0,0,0,0,0,0,0,0,0,0,0,0,0,0,0,0,0,0,0,0,0,3,0,0,3,0,0,"49,8","80,2","62,8","54,2","17,3","32,5","23,8","15,2","23,8","28,2","6,5","10,8","8,7","0,0","8,7","0,0","10,8","4,3","8,7","0,0","2,2","2,2","2,2","0,0","0,0","0,0","0,0","0,0","0,0","0,0","0,0","0,0","0,0","0,0","0,0","0,0","0,0","0,0","0,0","0,0","0,0","0,0","0,0","0,0","0,0","2,2","0,0","0,0","2,2","0,0","0,0","2,2","2,2","2,2","0,0","0,0","0,0","0,0","0,0"
6311,Světlá nad Sázavou,63,19590,29. 9. 2026,22. 9. 2026,"0,0","0,0","0,0","0,0",81,56,100,75,19,56,25,12,25,12,19,19,12,6,6,19,12,0,31,31,25,6,0,6,0,0,0,0,0,0,6,0,6,0,0,0,0,0,0,0,0,0,0,0,0,0,6,0,0,0,0,"66,4","45,9","81,7","61,3","15,3","45,9","20,4","10,2","20,4","10,2","15,3","15,3","10,2","5,1","5,1","15,3","10,2","0,0","25,5","25,5","20,4","5,1","0,0","5,1","0,0","0,0","0,0","0,0","0,0","0,0","5,1","0,0","5,1","0,0","0,0","0,0","0,0","0,0","0,0","0,0","0,0","0,0","0,0","0,0","0,0","0,0","5,1","0,0","0,0","0,0","0,0","0,0","0,0","0,0","0,0","0,0","0,0","0,0","0,0"
6312,Telč,63,13045,29. 9. 2026,22. 9. 2026,"0,0","0,0","0,0","0,0",100,80,40,20,30,0,20,0,0,0,20,10,10,0,0,10,0,0,0,0,0,0,0,0,0,0,0,0,0,0,0,0,0,0,0,0,0,0,0,0,0,0,0,0,0,0,0,0,0,0,0,"76,7","61,3","30,7","15,3","23,0","0,0","15,3","0,0","0,0","0,0","15,3","7,7","7,7","0,0","0,0","7,7","0,0","0,0","0,0","0,0","0,0","0,0","0,0","0,0","0,0","0,0","0,0","0,0","0,0","0,0","0,0","0,0","0,0","0,0","0,0","0,0","0,0","0,0","0,0","0,0","0,0","0,0","0,0","0,0","0,0","0,0","0,0","0,0","0,0","0,0","0,0","0,0","0,0","0,0","0,0","0,0","0,0","0,0","0,0"
6313,Třebíč,63,73908,29. 9. 2026,22. 9. 2026,"0,0","0,0","0,0","0,0",87,100,85,55,28,55,30,21,28,34,40,9,28,26,6,6,0,8,0,2,2,6,2,2,0,2,0,4,4,0,0,0,2,0,0,2,0,0,0,0,2,0,0,0,0,0,0,6,2,0,2,"62,2","71,7","60,9","39,2","20,3","39,2","21,6","14,9","20,3","24,4","28,4","6,8","20,3","18,9","4,1","4,1","0,0","5,4","0,0","1,4","1,4","4,1","1,4","1,4","0,0","1,4","0,0","2,7","2,7","0,0","0,0","0,0","1,4","0,0","0,0","1,4","0,0","0,0","0,0","0,0","1,4","0,0","0,0","0,0","0,0","0,0","0,0","4,1","1,4","0,0","1,4","0,0","0,0","0,0","0,0","0,0","0,0","0,0","0,0"
6314,Velké Meziříčí,63,37205,29. 9. 2026,22. 9. 2026,"0,0","0,0","2,7","-2,7",100,62,100,54,77,62,46,31,62,69,46,31,8,23,8,0,0,15,0,0,0,8,8,8,0,0,0,0,0,0,0,0,0,0,0,0,8,0,0,0,0,0,0,0,0,8,0,0,0,0,0,"34,9","21,5","34,9","18,8","26,9","21,5","16,1","10,8","21,5","24,2","16,1","10,8","2,7","8,1","2,7","0,0","0,0","5,4","0,0","0,0","0,0","2,7","2,7","2,7","0,0","0,0","0,0","0,0","0,0","0,0","0,0","0,0","0,0","0,0","0,0","0,0","2,7","0,0","0,0","0,0","0,0","0,0","0,0","0,0","0,0","2,7","0,0","0,0","0,0","0,0","0,0","2,7","0,0","0,0","0,0","0,0","0,0","0,0","0,0"
6315,Žďár nad Sázavou,63,42735,29. 9. 2026,22. 9. 2026,"4,7","4,7","7,0","-2,3",67,100,74,22,41,56,44,15,33,33,33,30,26,15,19,4,0,0,0,4,0,0,0,4,0,0,0,0,4,0,0,0,0,0,0,0,0,0,0,0,0,0,0,0,0,0,0,0,0,4,0,"42,1","63,2","46,8","14,0","25,7","35,1","28,1","9,4","21,1","21,1","21,1","18,7","16,4","9,4","11,7","2,3","0,0","0,0","0,0","2,3","0,0","0,0","0,0","2,3","0,0","0,0","0,0","0,0","2,3","0,0","0,0","0,0","0,0","0,0","0,0","0,0","0,0","0,0","0,0","0,0","0,0","0,0","0,0","0,0","0,0","0,0","0,0","0,0","0,0","2,3","0,0","7,0","9,4","9,4","9,4","9,4","9,4","4,7","4,7"
6401,Blansko,64,57224,29. 9. 2026,22. 9. 2026,"1,7","1,7","0,0","1,7",100,75,83,38,36,40,25,17,15,30,38,21,23,4,9,4,2,2,2,6,2,0,0,4,4,0,4,0,0,2,0,0,0,0,2,2,0,0,0,0,0,0,0,0,0,2,2,0,2,0,2,"92,6","69,9","76,9","35,0","33,2","36,7","22,7","15,7","14,0","28,0","35,0","19,2","21,0","3,5","8,7","3,5","1,7","1,7","1,7","5,2","1,7","0,0","0,0","3,5","3,5","0,0","3,5","0,0","0,0","1,7","0,0","0,0","0,0","0,0","1,7","1,7","0,0","0,0","0,0","0,0","0,0","0,0","0,0","0,0","0,0","1,7","1,7","0,0","1,7","0,0","1,7","0,0","0,0","0,0","0,0","0,0","0,0","0,0","1,7"
6402,Boskovice,64,52822,29. 9. 2026,22. 9. 2026,"1,9","1,9","5,7","-3,8",71,52,100,100,38,43,29,29,24,14,57,57,43,19,19,14,10,0,0,0,0,0,0,0,5,0,5,0,5,0,5,10,0,0,0,0,0,0,0,0,0,0,0,0,0,0,0,0,0,0,0,"28,4","20,8","39,8","39,8","15,1","17,0","11,4","11,4","9,5","5,7","22,7","22,7","17,0","7,6","7,6","5,7","3,8","0,0","0,0","0,0","0,0","0,0","0,0","0,0","1,9","0,0","1,9","0,0","1,9","0,0","1,9","3,8","0,0","0,0","0,0","0,0","0,0","0,0","0,0","0,0","0,0","0,0","0,0","0,0","0,0","0,0","0,0","0,0","0,0","0,0","0,0","5,7","5,7","5,7","5,7","5,7","5,7","1,9","1,9"
6403,Brno,64,396101,29. 9. 2026,22. 9. 2026,"3,0","3,0","2,3","0,8",100,84,78,61,33,37,35,21,22,20,22,22,18,6,10,8,3,4,5,3,4,3,3,4,1,2,2,1,3,2,1,1,1,2,1,0,0,1,0,0,0,0,1,0,1,0,1,1,0,1,1,"62,9","53,0","49,0","38,1","20,7","23,2","22,2","13,4","13,6","12,9","13,6","14,1","11,6","4,0","6,3","4,8","2,0","2,8","3,0","2,0","2,3","1,8","2,0","2,3","0,8","1,3","1,0","0,8","1,8","1,3","0,8","0,8","0,8","1,0","0,5","0,0","0,0","0,5","0,3","0,3","0,0","0,0","0,5","0,0","0,5","0,3","0,8","0,8","0,3","0,5","0,8","2,3","3,0","3,3","3,5","3,5","3,5","2,3","3,0"
6404,Břeclav,64,59512,29. 9. 2026,22. 9. 2026,"0,0","0,0","1,7","-1,7",100,90,90,60,65,40,80,10,55,30,20,20,15,10,0,0,15,10,15,5,0,0,5,0,5,0,0,0,5,5,0,0,0,5,0,0,0,0,0,0,0,0,0,0,0,0,0,0,0,0,0,"33,6","30,2","30,2","20,2","21,8","13,4","26,9","3,4","18,5","10,1","6,7","6,7","5,0","3,4","0,0","0,0","5,0","3,4","5,0","1,7","0,0","0,0","1,7","0,0","1,7","0,0","0,0","0,0","1,7","1,7","0,0","0,0","0,0","1,7","0,0","0,0","0,0","0,0","0,0","0,0","0,0","0,0","0,0","0,0","0,0","0,0","0,0","0,0","0,0","0,0","0,0","1,7","0,0","0,0","0,0","0,0","0,0","0,0","0,0"
6405,Bučovice,64,16573,29. 9. 2026,22. 9. 2026,"0,0","0,0","0,0","0,0",88,100,100,75,38,50,62,0,25,50,0,0,12,0,12,12,12,0,0,0,0,0,0,0,0,0,0,0,0,0,12,0,0,0,0,0,0,0,0,0,0,0,0,0,0,0,0,0,0,0,0,"42,2","48,3","48,3","36,2","18,1","24,1","30,2","0,0","12,1","24,1","0,0","0,0","6,0","0,0","6,0","6,0","6,0","0,0","0,0","0,0","0,0","0,0","0,0","0,0","0,0","0,0","0,0","0,0","0,0","0,0","6,0","0,0","0,0","0,0","0,0","0,0","0,0","0,0","0,0","0,0","0,0","0,0","0,0","0,0","0,0","0,0","0,0","0,0","0,0","0,0","0,0","0,0","0,0","0,0","0,0","0,0","0,0","0,0","0,0"
6406,Hodonín,64,59847,29. 9. 2026,22. 9. 2026,"3,3","3,3","0,0","3,3",80,100,85,80,48,72,40,12,28,57,22,25,20,12,20,15,20,25,5,10,2,2,0,5,0,0,0,0,2,0,0,0,0,0,0,2,0,0,0,0,0,0,0,0,2,0,0,0,2,5,2,"53,5","66,8","56,8","53,5","31,7","48,5","26,7","8,4","18,4","38,4","15,0","16,7","13,4","8,4","13,4","10,0","13,4","16,7","3,3","6,7","1,7","1,7","0,0","3,3","0,0","0,0","0,0","0,0","1,7","0,0","0,0","0,0","0,0","0,0","0,0","1,7","0,0","0,0","0,0","0,0","0,0","0,0","0,0","0,0","1,7","0,0","0,0","0,0","1,7","3,3","1,7","0,0","1,7","1,7","1,7","1,7","1,7","1,7","3,3"
6407,Hustopeče,64,37166,29. 9. 2026,22. 9. 2026,"2,7","2,7","2,7","0,0",45,100,66,45,17,10,7,10,21,10,17,14,7,3,10,7,3,0,3,7,0,0,0,0,0,0,0,0,0,0,0,0,0,0,0,0,0,0,3,0,0,0,0,0,3,0,0,0,0,0,0,"35,0","78,0","51,1","35,0","13,5","8,1","5,4","8,1","16,1","8,1","13,5","10,8","5,4","2,7","8,1","5,4","2,7","0,0","2,7","5,4","0,0","0,0","0,0","0,0","0,0","0,0","0,0","0,0","0,0","0,0","0,0","0,0","0,0","0,0","0,0","0,0","0,0","0,0","2,7","0,0","0,0","0,0","0,0","0,0","2,7","0,0","0,0","0,0","0,0","0,0","0,0","2,7","2,7","2,7","2,7","2,7","2,7","2,7","2,7"
6408,Ivančice,64,25109,29. 9. 2026,22. 9. 2026,"0,0","0,0","0,0","0,0",85,100,77,54,46,69,62,23,15,15,23,23,46,23,31,8,15,8,15,0,0,0,0,0,8,0,0,8,15,0,0,0,0,0,0,0,0,0,0,0,0,0,0,0,0,0,0,0,0,0,0,"43,8","51,8","39,8","27,9","23,9","35,8","31,9","11,9","8,0","8,0","11,9","11,9","23,9","11,9","15,9","4,0","8,0","4,0","8,0","0,0","0,0","0,0","0,0","0,0","4,0","0,0","0,0","4,0","8,0","0,0","0,0","0,0","0,0","0,0","0,0","0,0","0,0","0,0","0,0","0,0","0,0","0,0","0,0","0,0","0,0","0,0","0,0","0,0","0,0","0,0","0,0","0,0","0,0","0,0","0,0","0,0","0,0","0,0","0,0"
6409,Kuřim,64,24041,29. 9. 2026,22. 9. 2026,"8,3","8,3","4,2","4,2",89,100,79,32,16,37,37,26,37,32,47,21,32,5,5,21,5,5,5,5,0,5,0,0,5,0,0,0,0,5,0,5,0,0,0,0,0,0,0,0,0,0,0,0,0,0,0,0,0,0,0,"70,7","79,0","62,4","25,0","12,5","29,1","29,1","20,8","29,1","25,0","37,4","16,6","25,0","4,2","4,2","16,6","4,2","4,2","4,2","4,2","0,0","4,2","0,0","0,0","4,2","0,0","0,0","0,0","0,0","4,2","0,0","4,2","0,0","0,0","0,0","0,0","0,0","0,0","0,0","0,0","0,0","0,0","0,0","0,0","0,0","0,0","0,0","0,0","0,0","0,0","0,0","4,2","0,0","4,2","4,2","4,2","4,2","4,2","8,3"
6410,Kyjov,64,55405,29. 9. 2026,22. 9. 2026,"0,0","0,0","0,0","0,0",52,100,62,70,51,45,38,15,27,15,32,17,17,8,8,1,6,4,4,3,1,3,0,0,0,0,0,1,0,0,0,0,0,0,0,0,0,1,0,0,0,0,0,0,4,0,1,0,0,0,1,"66,8","128,1","79,4","90,2","65,0","57,8","48,7","19,9","34,3","19,9","41,5","21,7","21,7","10,8","10,8","1,8","7,2","5,4","5,4","3,6","1,8","3,6","0,0","0,0","0,0","0,0","0,0","1,8","0,0","0,0","0,0","0,0","0,0","0,0","0,0","0,0","0,0","1,8","0,0","0,0","0,0","0,0","0,0","0,0","5,4","0,0","1,8","0,0","0,0","0,0","1,8","0,0","0,0","0,0","0,0","0,0","0,0","0,0","0,0"
6411,Mikulov,64,20898,29. 9. 2026,22. 9. 2026,"4,8","4,8","9,6","-4,8",60,100,85,90,35,20,25,30,5,20,20,50,40,5,15,0,0,5,5,5,0,5,0,0,0,5,0,0,0,0,0,0,0,0,0,0,0,0,0,0,0,0,0,0,5,0,0,5,0,0,0,"57,4","95,7","81,3","86,1","33,5","19,1","23,9","28,7","4,8","19,1","19,1","47,9","38,3","4,8","14,4","0,0","0,0","4,8","4,8","4,8","0,0","4,8","0,0","0,0","0,0","4,8","0,0","0,0","0,0","0,0","0,0","0,0","0,0","0,0","0,0","0,0","0,0","0,0","0,0","0,0","0,0","0,0","0,0","0,0","4,8","0,0","0,0","4,8","0,0","0,0","0,0","9,6","9,6","4,8","0,0","0,0","0,0","0,0","4,8"
6412,Moravský Krumlov,64,22798,29. 9. 2026,22. 9. 2026,"0,0","0,0","0,0","0,0",73,64,100,55,91,55,36,9,82,45,27,27,55,9,27,18,9,9,0,0,0,0,0,0,0,0,0,0,0,0,0,0,0,0,0,0,0,0,0,0,0,0,0,0,0,0,0,0,0,0,18,"35,1","30,7","48,2","26,3","43,9","26,3","17,5","4,4","39,5","21,9","13,2","13,2","26,3","4,4","13,2","8,8","4,4","4,4","0,0","0,0","0,0","0,0","0,0","0,0","0,0","0,0","0,0","0,0","0,0","0,0","0,0","0,0","0,0","0,0","0,0","0,0","0,0","0,0","0,0","0,0","0,0","0,0","0,0","0,0","0,0","0,0","0,0","0,0","0,0","0,0","8,8","0,0","0,0","0,0","0,0","0,0","0,0","0,0","0,0"
6413,Pohořelice,64,15558,29. 9. 2026,22. 9. 2026,"0,0","0,0","0,0","0,0",100,38,62,25,50,75,25,38,50,25,62,12,62,38,25,0,12,0,0,12,12,0,0,0,0,0,0,0,0,12,0,0,0,0,0,0,0,0,0,0,0,0,0,0,0,0,0,0,0,0,0,"51,4","19,3","32,1","12,9","25,7","38,6","12,9","19,3","25,7","12,9","32,1","6,4","32,1","19,3","12,9","0,0","6,4","0,0","0,0","6,4","6,4","0,0","0,0","0,0","0,0","0,0","0,0","0,0","0,0","6,4","0,0","0,0","0,0","0,0","0,0","0,0","0,0","0,0","0,0","0,0","0,0","0,0","0,0","0,0","0,0","0,0","0,0","0,0","0,0","0,0","0,0","0,0","0,0","0,0","0,0","0,0","0,0","0,0","0,0"
6414,Rosice,64,26903,29. 9. 2026,22. 9. 2026,"3,7","3,7","0,0","3,7",70,100,55,65,35,90,50,25,25,35,30,15,5,10,30,5,5,5,0,5,5,5,15,5,0,0,5,0,0,0,0,0,0,0,0,0,0,0,0,0,0,0,0,0,0,0,0,0,5,0,5,"52,0","74,3","40,9","48,3","26,0","66,9","37,2","18,6","18,6","26,0","22,3","11,2","3,7","7,4","22,3","3,7","3,7","3,7","0,0","3,7","3,7","3,7","11,2","3,7","0,0","0,0","3,7","0,0","0,0","0,0","0,0","0,0","0,0","0,0","0,0","0,0","0,0","0,0","0,0","0,0","0,0","0,0","0,0","0,0","0,0","0,0","0,0","0,0","3,7","0,0","3,7","0,0","0,0","0,0","0,0","3,7","3,7","3,7","3,7"
6415,Slavkov u Brna,64,24877,29. 9. 2026,22. 9. 2026,"0,0","0,0","0,0","0,0",100,100,100,90,20,60,10,50,80,60,30,50,70,20,10,0,30,50,0,10,0,10,0,0,0,0,0,0,10,0,10,20,0,0,10,0,0,0,0,0,0,0,0,0,0,0,0,0,0,0,0,"40,2","40,2","40,2","36,2","8,0","24,1","4,0","20,1","32,2","24,1","12,1","20,1","28,1","8,0","4,0","0,0","12,1","20,1","0,0","4,0","0,0","4,0","0,0","0,0","0,0","0,0","0,0","0,0","4,0","0,0","4,0","8,0","0,0","0,0","4,0","0,0","0,0","0,0","0,0","0,0","0,0","0,0","0,0","0,0","0,0","0,0","0,0","0,0","0,0","0,0","0,0","0,0","0,0","0,0","0,0","0,0","0,0","0,0","0,0"
6416,Šlapanice,64,72483,29. 9. 2026,22. 9. 2026,"0,0","0,0","1,4","-1,4",87,100,93,76,31,22,40,22,38,22,24,20,20,2,11,9,11,0,11,0,11,2,4,2,2,2,7,0,2,0,0,0,0,0,0,0,0,0,0,0,0,0,0,0,0,0,0,0,0,0,0,"53,8","62,1","57,9","46,9","19,3","13,8","24,8","13,8","23,5","13,8","15,2","12,4","12,4","1,4","6,9","5,5","6,9","0,0","6,9","0,0","6,9","1,4","2,8","1,4","1,4","1,4","4,1","0,0","1,4","0,0","0,0","0,0","0,0","0,0","0,0","0,0","0,0","0,0","0,0","0,0","0,0","0,0","0,0","0,0","0,0","0,0","0,0","0,0","0,0","0,0","0,0","1,4","1,4","1,4","1,4","1,4","1,4","0,0","0,0"
6417,Tišnov,64,32576,29. 9. 2026,22. 9. 2026,"0,0","0,0","3,1","-3,1",70,100,59,52,30,19,7,4,7,19,22,4,22,4,15,7,4,4,0,4,7,4,7,4,0,0,0,0,4,0,0,0,0,0,0,0,0,0,0,0,0,0,0,0,0,0,0,0,0,0,0,"58,3","82,9","49,1","43,0","24,6","15,3","6,1","3,1","6,1","15,3","18,4","3,1","18,4","3,1","12,3","6,1","3,1","3,1","0,0","3,1","6,1","3,1","6,1","3,1","0,0","0,0","0,0","0,0","3,1","0,0","0,0","0,0","0,0","0,0","0,0","0,0","0,0","0,0","0,0","0,0","0,0","0,0","0,0","0,0","0,0","0,0","0,0","0,0","0,0","0,0","0,0","3,1","3,1","3,1","0,0","0,0","0,0","0,0","0,0"
6418,Veselí nad Moravou,64,36867,29. 9. 2026,22. 9. 2026,"2,7","2,7","2,7","0,0",64,68,75,100,57,61,43,32,39,39,43,29,21,7,4,4,18,7,0,4,4,0,4,4,4,0,4,0,0,0,4,0,7,4,0,4,0,0,4,0,0,4,0,0,0,0,4,0,4,0,4,"48,8","51,5","57,0","75,9","43,4","46,1","32,5","24,4","29,8","29,8","32,5","21,7","16,3","5,4","2,7","2,7","13,6","5,4","0,0","2,7","2,7","0,0","2,7","2,7","2,7","0,0","2,7","0,0","0,0","0,0","2,7","0,0","5,4","2,7","0,0","2,7","0,0","0,0","2,7","0,0","0,0","2,7","0,0","0,0","0,0","0,0","2,7","0,0","2,7","0,0","2,7","2,7","2,7","2,7","2,7","2,7","2,7","2,7","2,7"
6419,Vyškov,64,52824,29. 9. 2026,22. 9. 2026,"3,8","3,8","1,9","1,9",78,91,100,91,50,53,47,38,41,28,16,12,38,12,3,19,6,22,19,6,3,6,0,3,3,0,6,9,6,6,9,6,3,0,3,0,0,3,0,0,3,3,0,3,0,0,0,0,0,0,3,"47,3","54,9","60,6","54,9","30,3","32,2","28,4","22,7","24,6","17,0","9,5","7,6","22,7","7,6","1,9","11,4","3,8","13,3","11,4","3,8","1,9","3,8","0,0","1,9","1,9","0,0","3,8","5,7","3,8","3,8","5,7","3,8","1,9","0,0","1,9","0,0","0,0","1,9","0,0","0,0","1,9","1,9","0,0","1,9","0,0","0,0","0,0","0,0","0,0","0,0","1,9","1,9","1,9","1,9","1,9","1,9","1,9","1,9","3,8"
6420,Znojmo,64,93230,29. 9. 2026,22. 9. 2026,"3,2","3,2","2,1","1,1",98,88,100,76,51,65,69,33,43,41,33,37,29,8,10,10,4,0,2,2,2,2,0,0,0,2,2,0,0,0,2,2,2,0,0,0,0,0,0,0,0,0,0,0,0,0,0,0,0,2,0,"51,5","46,1","52,6","39,7","26,8","34,3","36,5","17,2","22,5","21,5","17,2","19,3","15,0","4,3","5,4","5,4","2,1","0,0","1,1","1,1","1,1","1,1","0,0","0,0","0,0","1,1","1,1","0,0","0,0","0,0","1,1","1,1","1,1","0,0","0,0","0,0","0,0","0,0","0,0","0,0","0,0","0,0","0,0","0,0","0,0","0,0","0,0","0,0","0,0","1,1","0,0","2,1","3,2","4,3","4,3","4,3","4,3","2,1","3,2"
6421,Židlochovice,64,34386,29. 9. 2026,22. 9. 2026,"0,0","0,0","0,0","0,0",100,84,84,53,16,32,32,16,26,16,16,21,11,11,5,5,26,16,5,5,0,0,0,0,0,0,0,0,0,0,0,0,0,0,0,0,0,0,0,0,0,0,0,5,0,0,0,0,0,0,5,"55,3","46,5","46,5","29,1","8,7","17,4","17,4","8,7","14,5","8,7","8,7","11,6","5,8","5,8","2,9","2,9","14,5","8,7","2,9","2,9","0,0","0,0","0,0","0,0","0,0","0,0","0,0","0,0","0,0","0,0","0,0","0,0","0,0","0,0","0,0","0,0","0,0","0,0","0,0","0,0","0,0","0,0","0,0","2,9","0,0","0,0","0,0","0,0","0,0","0,0","2,9","0,0","0,0","0,0","0,0","0,0","0,0","0,0","0,0"
7101,Hranice,71,34376,29. 9. 2026,22. 9. 2026,"0,0","0,0","0,0","0,0",81,100,69,88,44,31,12,0,38,31,25,25,6,6,0,12,12,19,0,25,0,6,0,0,0,0,0,6,6,0,0,6,0,0,0,0,0,0,0,0,0,0,0,0,0,0,0,0,0,0,0,"37,8","46,5","32,0","40,7","20,4","14,5","5,8","0,0","17,5","14,5","11,6","11,6","2,9","2,9","0,0","5,8","5,8","8,7","0,0","11,6","0,0","2,9","0,0","0,0","0,0","0,0","0,0","2,9","2,9","0,0","0,0","2,9","0,0","0,0","0,0","0,0","0,0","0,0","0,0","0,0","0,0","0,0","0,0","0,0","0,0","0,0","0,0","0,0","0,0","0,0","0,0","0,0","0,0","0,0","0,0","0,0","0,0","0,0","0,0"
7102,Jeseník,71,36991,29. 9. 2026,22. 9. 2026,"0,0","0,0","2,7","-2,7",62,100,50,56,44,31,19,25,6,6,12,19,12,0,12,0,0,12,6,0,0,0,6,0,6,0,0,0,0,0,0,0,0,0,0,0,0,0,0,0,0,0,0,0,0,0,0,0,6,0,0,"27,0","43,3","21,6","24,3","18,9","13,5","8,1","10,8","2,7","2,7","5,4","8,1","5,4","0,0","5,4","0,0","0,0","5,4","2,7","0,0","0,0","0,0","2,7","0,0","2,7","0,0","0,0","0,0","0,0","0,0","0,0","0,0","0,0","0,0","0,0","0,0","0,0","0,0","0,0","0,0","0,0","0,0","0,0","0,0","0,0","0,0","0,0","0,0","2,7","0,0","0,0","2,7","2,7","2,7","2,7","2,7","2,7","2,7","0,0"
7103,Konice,71,11836,29. 9. 2026,22. 9. 2026,"8,4","8,4","0,0","8,4",100,25,50,50,25,25,12,25,0,0,0,12,38,0,25,12,0,12,38,0,0,0,0,25,12,0,0,0,0,0,0,0,0,0,0,0,0,0,0,0,0,0,0,0,0,0,0,0,0,0,0,"67,6","16,9","33,8","33,8","16,9","16,9","8,4","16,9","0,0","0,0","0,0","8,4","25,3","0,0","16,9","8,4","0,0","8,4","25,3","0,0","0,0","0,0","0,0","16,9","8,4","0,0","0,0","0,0","0,0","0,0","0,0","0,0","0,0","0,0","0,0","0,0","0,0","0,0","0,0","0,0","0,0","0,0","0,0","0,0","0,0","0,0","0,0","0,0","0,0","0,0","0,0","0,0","0,0","0,0","0,0","0,0","0,0","0,0","8,4"
7104,Lipník nad Bečvou,71,15226,29. 9. 2026,22. 9. 2026,"0,0","0,0","0,0","0,0",75,100,12,38,50,38,25,12,12,25,38,0,0,0,0,0,0,0,12,0,0,0,0,0,0,0,0,0,0,0,0,0,0,0,0,0,0,0,0,0,0,0,0,0,0,0,0,0,0,0,0,"39,4","52,5","6,6","19,7","26,3","19,7","13,1","6,6","6,6","13,1","19,7","0,0","0,0","0,0","0,0","0,0","0,0","0,0","6,6","0,0","0,0","0,0","0,0","0,0","0,0","0,0","0,0","0,0","0,0","0,0","0,0","0,0","0,0","0,0","0,0","0,0","0,0","0,0","0,0","0,0","0,0","0,0","0,0","0,0","0,0","0,0","0,0","0,0","0,0","0,0","0,0","0,0","0,0","0,0","0,0","0,0","0,0","0,0","0,0"
7105,Litovel,71,23804,29. 9. 2026,22. 9. 2026,"0,0","0,0","4,2","-4,2",100,90,86,62,57,48,33,24,24,19,29,14,0,0,10,14,5,10,5,5,0,14,10,5,5,5,0,0,5,0,0,0,5,0,0,0,0,0,0,0,0,0,0,0,0,0,0,5,0,0,14,"88,2","79,8","75,6","54,6","50,4","42,0","29,4","21,0","21,0","16,8","25,2","12,6","0,0","0,0","8,4","12,6","4,2","8,4","4,2","4,2","0,0","12,6","8,4","4,2","4,2","4,2","0,0","0,0","4,2","0,0","0,0","0,0","4,2","0,0","0,0","0,0","0,0","0,0","0,0","0,0","0,0","0,0","0,0","0,0","0,0","0,0","0,0","4,2","0,0","0,0","12,6","4,2","4,2","0,0","0,0","0,0","0,0","0,0","0,0"
7106,Mohelnice,71,18746,29. 9. 2026,22. 9. 2026,"5,3","5,3","5,3","0,0",44,100,59,35,38,35,18,15,0,15,15,3,12,0,0,0,0,3,3,0,0,0,0,0,0,0,0,0,0,0,0,0,0,0,0,0,0,0,0,3,0,0,0,0,0,0,3,0,0,0,0,"80,0","181,4","106,7","64,0","69,3","64,0","32,0","26,7","0,0","26,7","26,7","5,3","21,3","0,0","0,0","0,0","0,0","5,3","5,3","0,0","0,0","0,0","0,0","0,0","0,0","0,0","0,0","0,0","0,0","0,0","0,0","0,0","0,0","0,0","0,0","0,0","0,0","0,0","0,0","5,3","0,0","0,0","0,0","0,0","0,0","0,0","5,3","0,0","0,0","0,0","0,0","5,3","5,3","5,3","5,3","5,3","5,3","5,3","5,3"
7107,Olomouc,71,167827,29. 9. 2026,22. 9. 2026,"0,0","0,0","0,0","0,0",74,100,61,59,40,32,36,30,37,18,20,21,6,10,8,4,6,8,11,7,5,4,2,3,4,3,0,1,1,1,0,1,0,1,1,0,1,0,1,0,0,0,0,0,0,1,0,0,0,2,1,"52,4","70,9","43,5","41,7","28,6","22,6","25,6","21,5","26,2","13,1","14,3","14,9","4,2","7,2","6,0","3,0","4,2","6,0","7,7","4,8","3,6","3,0","1,2","1,8","3,0","2,4","0,0","0,6","0,6","0,6","0,0","0,6","0,0","0,6","0,6","0,0","0,6","0,0","0,6","0,0","0,0","0,0","0,0","0,0","0,0","0,6","0,0","0,0","0,0","1,2","0,6","0,0","0,0","0,0","0,0","0,0","0,0","0,0","0,0"
7108,Prostějov,71,96881,29. 9. 2026,22. 9. 2026,"3,1","3,1","4,1","-1,0",85,83,100,69,36,54,24,12,15,15,25,12,15,6,11,5,4,5,6,2,1,0,2,4,4,1,2,0,0,4,0,4,0,2,0,1,1,0,0,0,0,0,0,0,0,0,0,1,2,4,5,"73,3","72,3","86,7","59,9","31,0","46,4","20,6","10,3","13,4","13,4","21,7","10,3","13,4","5,2","9,3","4,1","3,1","4,1","5,2","2,1","1,0","0,0","2,1","3,1","3,1","1,0","2,1","0,0","0,0","3,1","0,0","3,1","0,0","2,1","0,0","1,0","1,0","0,0","0,0","0,0","0,0","0,0","0,0","0,0","0,0","0,0","0,0","1,0","2,1","3,1","4,1","4,1","3,1","0,0","0,0","0,0","0,0","0,0","3,1"
7109,Přerov,71,78578,29. 9. 2026,22. 9. 2026,"3,8","3,8","0,0","3,8",69,83,100,60,31,40,21,5,24,34,33,26,12,5,9,9,0,14,3,5,3,2,0,0,0,2,0,2,0,0,0,0,2,0,0,0,0,0,0,0,0,0,0,0,2,0,0,0,0,2,3,"50,9","61,1","73,8","44,5","22,9","29,3","15,3","3,8","17,8","25,5","24,2","19,1","8,9","3,8","6,4","6,4","0,0","10,2","2,5","3,8","2,5","1,3","0,0","0,0","0,0","1,3","0,0","1,3","0,0","0,0","0,0","0,0","1,3","0,0","0,0","0,0","0,0","0,0","0,0","0,0","0,0","0,0","0,0","0,0","1,3","0,0","0,0","0,0","0,0","1,3","2,5","0,0","2,5","2,5","2,5","2,5","2,5","2,5","3,8"
7110,Šternberk,71,24028,29. 9. 2026,22. 9. 2026,"0,0","0,0","8,3","-8,3",83,100,74,70,22,52,30,9,17,17,13,22,9,0,0,4,9,4,0,13,9,4,9,9,13,4,9,0,0,0,4,0,0,0,4,4,4,0,0,0,0,0,0,0,0,0,0,0,0,0,0,"79,1","95,7","70,8","66,6","20,8","49,9","29,1","8,3","16,6","16,6","12,5","20,8","8,3","0,0","0,0","4,2","8,3","4,2","0,0","12,5","8,3","4,2","8,3","8,3","12,5","4,2","8,3","0,0","0,0","0,0","4,2","0,0","0,0","0,0","4,2","4,2","4,2","0,0","0,0","0,0","0,0","0,0","0,0","0,0","0,0","0,0","0,0","0,0","0,0","0,0","0,0","8,3","8,3","8,3","0,0","0,0","0,0","0,0","0,0"
7111,Šumperk,71,68086,29. 9. 2026,22. 9. 2026,"4,4","4,4","1,5","2,9",42,100,74,45,29,50,21,16,21,42,26,16,24,3,11,24,24,11,18,5,11,16,16,11,11,0,8,3,8,5,0,0,0,3,0,5,3,5,0,8,3,5,8,0,3,5,0,5,3,3,0,"23,5","55,8","41,1","25,0","16,2","27,9","11,7","8,8","11,7","23,5","14,7","8,8","13,2","1,5","5,9","13,2","13,2","5,9","10,3","2,9","5,9","8,8","8,8","5,9","5,9","0,0","4,4","1,5","4,4","2,9","0,0","0,0","0,0","1,5","0,0","2,9","1,5","2,9","0,0","4,4","1,5","2,9","4,4","0,0","1,5","2,9","0,0","2,9","1,5","1,5","0,0","1,5","2,9","5,9","5,9","5,9","5,9","4,4","4,4"
7112,Uničov,71,22281,29. 9. 2026,22. 9. 2026,"0,0","0,0","0,0","0,0",56,36,100,40,40,28,20,28,20,24,4,4,4,4,0,0,4,16,16,4,0,0,0,8,8,4,0,0,4,0,4,0,8,4,0,0,0,4,4,0,0,4,0,0,0,0,0,0,4,0,4,"62,8","40,4","112,2","44,9","44,9","31,4","22,4","31,4","22,4","26,9","4,5","4,5","4,5","4,5","0,0","0,0","4,5","18,0","18,0","4,5","0,0","0,0","0,0","9,0","9,0","4,5","0,0","0,0","4,5","0,0","4,5","0,0","9,0","4,5","0,0","0,0","0,0","4,5","4,5","0,0","0,0","4,5","0,0","0,0","0,0","0,0","0,0","0,0","4,5","0,0","4,5","0,0","0,0","0,0","0,0","0,0","0,0","0,0","0,0"
7113,Zábřeh,71,33142,29. 9. 2026,22. 9. 2026,"0,0","0,0","3,0","-3,0",100,86,66,83,34,52,34,21,17,28,17,17,17,3,10,3,10,3,7,3,0,3,0,0,0,3,0,0,0,0,3,0,0,0,0,0,3,0,0,0,0,0,0,0,0,0,0,0,0,0,0,"87,5","75,4","57,3","72,4","30,2","45,3","30,2","18,1","15,1","24,1","15,1","15,1","15,1","3,0","9,1","3,0","9,1","3,0","6,0","3,0","0,0","3,0","0,0","0,0","0,0","3,0","0,0","0,0","0,0","0,0","3,0","0,0","0,0","0,0","0,0","0,0","3,0","0,0","0,0","0,0","0,0","0,0","0,0","0,0","0,0","0,0","0,0","0,0","0,0","0,0","0,0","3,0","3,0","3,0","0,0","0,0","0,0","0,0","0,0"
7201,Bystřice pod Hostýnem,72,15131,29. 9. 2026,22. 9. 2026,"0,0","0,0","0,0","0,0",67,17,100,33,33,50,17,17,17,17,17,17,0,0,0,0,0,0,0,17,17,0,0,0,0,0,0,0,0,0,0,0,0,0,0,0,0,0,0,0,0,17,0,0,0,0,0,0,0,17,0,"26,4","6,6","39,7","13,2","13,2","19,8","6,6","6,6","6,6","6,6","6,6","6,6","0,0","0,0","0,0","0,0","0,0","0,0","0,0","6,6","6,6","0,0","0,0","0,0","0,0","0,0","0,0","0,0","0,0","0,0","0,0","0,0","0,0","0,0","0,0","0,0","0,0","0,0","0,0","0,0","0,0","6,6","0,0","0,0","0,0","0,0","0,0","0,0","0,0","6,6","0,0","0,0","0,0","0,0","0,0","0,0","0,0","0,0","0,0"
7202,Holešov,72,21683,29. 9. 2026,22. 9. 2026,"4,6","4,6","0,0","4,6",100,60,70,20,50,10,10,20,10,10,0,10,30,0,0,10,0,0,10,0,0,0,0,0,0,0,0,0,0,0,0,0,0,0,0,0,0,0,0,0,0,0,0,0,0,0,0,0,0,0,0,"46,1","27,7","32,3","9,2","23,1","4,6","4,6","9,2","4,6","4,6","0,0","4,6","13,8","0,0","0,0","4,6","0,0","0,0","4,6","0,0","0,0","0,0","0,0","0,0","0,0","0,0","0,0","0,0","0,0","0,0","0,0","0,0","0,0","0,0","0,0","0,0","0,0","0,0","0,0","0,0","0,0","0,0","0,0","0,0","0,0","0,0","0,0","0,0","0,0","0,0","0,0","0,0","0,0","0,0","4,6","4,6","4,6","4,6","4,6"
7203,Kroměříž,72,67708,29. 9. 2026,22. 9. 2026,"5,9","5,9","0,0","5,9",100,74,100,72,23,47,47,14,26,23,7,14,7,0,9,7,7,14,7,5,5,5,0,0,0,0,0,0,0,0,0,0,0,0,0,0,0,0,0,0,0,0,0,0,0,0,0,0,0,0,0,"63,5","47,3","63,5","45,8","14,8","29,5","29,5","8,9","16,2","14,8","4,4","8,9","4,4","0,0","5,9","4,4","4,4","8,9","4,4","3,0","3,0","3,0","0,0","0,0","0,0","0,0","0,0","0,0","0,0","0,0","0,0","0,0","0,0","0,0","0,0","0,0","0,0","0,0","0,0","0,0","0,0","0,0","0,0","0,0","0,0","0,0","0,0","0,0","0,0","0,0","0,0","0,0","1,5","1,5","3,0","3,0","3,0","3,0","5,9"
7204,Luhačovice,72,18766,29. 9. 2026,22. 9. 2026,"0,0","0,0","0,0","0,0",40,80,60,60,40,100,40,20,20,20,0,20,40,0,0,20,0,0,0,20,0,0,0,0,0,20,0,0,0,0,0,0,0,0,0,0,0,0,0,0,0,0,0,0,0,0,0,0,0,0,0,"10,7","21,3","16,0","16,0","10,7","26,6","10,7","5,3","5,3","5,3","0,0","5,3","10,7","0,0","0,0","5,3","0,0","0,0","0,0","5,3","0,0","0,0","0,0","0,0","0,0","5,3","0,0","0,0","0,0","0,0","0,0","0,0","0,0","0,0","0,0","0,0","0,0","0,0","0,0","0,0","0,0","0,0","0,0","0,0","0,0","0,0","0,0","0,0","0,0","0,0","0,0","0,0","0,0","0,0","0,0","0,0","0,0","0,0","0,0"
7205,Otrokovice,72,34094,29. 9. 2026,22. 9. 2026,"0,0","0,0","0,0","0,0",35,55,90,100,30,15,15,10,15,0,10,0,0,0,0,0,0,5,0,10,0,0,0,0,0,0,0,0,0,0,0,0,0,0,0,0,0,0,0,0,0,0,0,0,0,0,0,0,0,0,0,"20,5","32,3","52,8","58,7","17,6","8,8","8,8","5,9","8,8","0,0","5,9","0,0","0,0","0,0","0,0","0,0","0,0","2,9","0,0","5,9","0,0","0,0","0,0","0,0","0,0","0,0","0,0","0,0","0,0","0,0","0,0","0,0","0,0","0,0","0,0","0,0","0,0","0,0","0,0","0,0","0,0","0,0","0,0","0,0","0,0","0,0","0,0","0,0","0,0","0,0","0,0","0,0","0,0","0,0","0,0","0,0","0,0","0,0","0,0"
7206,Rožnov pod Radhoštěm,72,35029,29. 9. 2026,22. 9. 2026,"0,0","0,0","0,0","0,0",60,73,100,33,33,47,0,0,7,20,27,7,0,7,0,13,7,0,13,0,0,13,0,7,0,0,0,0,7,0,0,0,0,0,0,0,0,0,0,0,0,0,0,0,0,0,0,0,0,0,0,"25,7","31,4","42,8","14,3","14,3","20,0","0,0","0,0","2,9","8,6","11,4","2,9","0,0","2,9","0,0","5,7","2,9","0,0","5,7","0,0","0,0","5,7","0,0","2,9","0,0","0,0","0,0","0,0","2,9","0,0","0,0","0,0","0,0","0,0","0,0","0,0","0,0","0,0","0,0","0,0","0,0","0,0","0,0","0,0","0,0","0,0","0,0","0,0","0,0","0,0","0,0","0,0","0,0","0,0","0,0","0,0","0,0","0,0","0,0"
7207,Uherské Hradiště,72,89803,29. 9. 2026,22. 9. 2026,"3,3","3,3","0,0","3,3",88,100,69,52,35,35,29,19,27,23,8,11,14,8,10,4,4,6,2,7,1,2,1,0,1,0,1,4,1,1,2,0,1,1,0,0,0,0,0,0,0,0,0,0,0,1,0,0,0,1,4,"81,3","92,4","63,5","47,9","32,3","32,3","26,7","17,8","24,5","21,2","7,8","10,0","13,4","7,8","8,9","3,3","3,3","5,6","2,2","6,7","1,1","2,2","1,1","0,0","1,1","0,0","1,1","3,3","1,1","1,1","2,2","0,0","1,1","1,1","0,0","0,0","0,0","0,0","0,0","0,0","0,0","0,0","0,0","0,0","0,0","1,1","0,0","0,0","0,0","1,1","3,3","0,0","0,0","2,2","2,2","2,2","2,2","2,2","3,3"
7208,Uherský Brod,72,51693,29. 9. 2026,22. 9. 2026,"3,9","3,9","1,9","1,9",74,100,77,69,17,34,20,20,9,40,11,14,6,3,3,6,6,3,6,6,6,0,6,6,3,0,0,0,3,6,3,0,0,0,0,0,0,0,0,0,0,0,0,3,0,0,0,0,0,0,3,"50,3","67,7","52,2","46,4","11,6","23,2","13,5","13,5","5,8","27,1","7,7","9,7","3,9","1,9","1,9","3,9","3,9","1,9","3,9","3,9","3,9","0,0","3,9","3,9","1,9","0,0","0,0","0,0","1,9","3,9","1,9","0,0","0,0","0,0","0,0","0,0","0,0","0,0","0,0","0,0","0,0","0,0","0,0","1,9","0,0","0,0","0,0","0,0","0,0","0,0","1,9","1,9","1,9","1,9","3,9","3,9","3,9","1,9","3,9"
7209,Valašské Klobouky,72,22889,29. 9. 2026,22. 9. 2026,"0,0","0,0","0,0","0,0",100,43,100,71,86,71,86,43,14,71,14,0,14,29,0,0,14,57,0,0,0,0,0,0,0,0,0,14,0,0,0,0,0,0,0,0,0,0,0,0,0,14,14,0,0,0,0,0,0,0,0,"30,6","13,1","30,6","21,8","26,2","21,8","26,2","13,1","4,4","21,8","4,4","0,0","4,4","8,7","0,0","0,0","4,4","17,5","0,0","0,0","0,0","0,0","0,0","0,0","0,0","0,0","0,0","4,4","0,0","0,0","0,0","0,0","0,0","0,0","0,0","0,0","0,0","0,0","0,0","0,0","0,0","4,4","4,4","0,0","0,0","0,0","0,0","0,0","0,0","0,0","0,0","0,0","0,0","0,0","0,0","0,0","0,0","0,0","0,0"
7210,Valašské Meziříčí,72,42503,29. 9. 2026,22. 9. 2026,"0,0","0,0","2,4","-2,4",84,100,94,52,39,48,55,19,10,10,6,6,13,3,3,3,10,6,3,3,19,3,10,0,0,0,0,0,0,0,0,0,0,0,0,3,0,0,0,3,3,0,0,0,0,0,0,0,0,0,0,"61,2","72,9","68,2","37,6","28,2","35,3","40,0","14,1","7,1","7,1","4,7","4,7","9,4","2,4","2,4","2,4","7,1","4,7","2,4","2,4","14,1","2,4","7,1","0,0","0,0","0,0","0,0","0,0","0,0","0,0","0,0","0,0","0,0","0,0","0,0","2,4","0,0","0,0","0,0","2,4","2,4","0,0","0,0","0,0","0,0","0,0","0,0","0,0","0,0","0,0","0,0","2,4","0,0","0,0","0,0","0,0","0,0","0,0","0,0"
7211,Vizovice,72,17250,29. 9. 2026,22. 9. 2026,"0,0","0,0","5,8","-5,8",33,100,100,53,53,67,13,27,53,13,0,20,0,0,7,7,20,0,0,0,0,7,0,0,0,0,0,7,0,0,0,0,0,0,0,0,0,0,0,0,0,0,0,0,0,0,0,0,0,7,0,"29,0","87,0","87,0","46,4","46,4","58,0","11,6","23,2","46,4","11,6","0,0","17,4","0,0","0,0","5,8","5,8","17,4","0,0","0,0","0,0","0,0","5,8","0,0","0,0","0,0","0,0","0,0","5,8","0,0","0,0","0,0","0,0","0,0","0,0","0,0","0,0","0,0","0,0","0,0","0,0","0,0","0,0","0,0","0,0","0,0","0,0","0,0","0,0","0,0","5,8","0,0","5,8","5,8","0,0","0,0","0,0","0,0","0,0","0,0"
7212,Vsetín,72,64648,29. 9. 2026,22. 9. 2026,"1,5","1,5","3,1","-1,5",92,100,58,42,42,69,15,23,19,15,35,19,19,12,12,8,8,35,0,8,12,8,4,4,0,0,0,4,0,0,4,0,0,0,0,0,0,0,0,0,0,0,0,0,0,0,0,8,0,8,4,"37,1","40,2","23,2","17,0","17,0","27,8","6,2","9,3","7,7","6,2","13,9","7,7","7,7","4,6","4,6","3,1","3,1","13,9","0,0","3,1","4,6","3,1","1,5","1,5","0,0","0,0","0,0","1,5","0,0","0,0","1,5","0,0","0,0","0,0","0,0","0,0","0,0","0,0","0,0","0,0","0,0","0,0","0,0","0,0","0,0","0,0","0,0","3,1","0,0","3,1","1,5","3,1","3,1","1,5","0,0","0,0","0,0","0,0","1,5"
7213,Zlín,72,99334,29. 9. 2026,22. 9. 2026,"2,0","2,0","1,0","1,0",61,100,54,75,41,25,29,21,12,14,7,9,2,0,4,0,2,2,0,0,2,0,0,0,4,0,0,0,0,0,0,0,0,0,0,0,0,0,0,0,0,2,0,0,0,0,0,2,0,0,2,"34,2","56,4","30,2","42,3","23,2","14,1","16,1","12,1","7,0","8,1","4,0","5,0","1,0","0,0","2,0","0,0","1,0","1,0","0,0","0,0","1,0","0,0","0,0","0,0","2,0","0,0","0,0","0,0","0,0","0,0","0,0","0,0","0,0","0,0","0,0","0,0","0,0","0,0","0,0","0,0","0,0","1,0","0,0","0,0","0,0","0,0","0,0","1,0","0,0","0,0","1,0","1,0","1,0","0,0","1,0","1,0","1,0","1,0","2,0"
8001,Bílovec,80,25728,29. 9. 2026,22. 9. 2026,"0,0","0,0","0,0","0,0",100,72,80,44,36,36,28,16,16,4,16,12,4,4,0,4,0,0,12,8,4,0,0,0,0,4,0,0,0,0,0,4,0,0,0,0,0,0,0,0,0,0,0,0,0,0,0,0,0,0,0,"97,2","70,0","77,7","42,8","35,0","35,0","27,2","15,5","15,5","3,9","15,5","11,7","3,9","3,9","0,0","3,9","0,0","0,0","11,7","7,8","3,9","0,0","0,0","0,0","0,0","3,9","0,0","0,0","0,0","0,0","0,0","3,9","0,0","0,0","0,0","0,0","0,0","0,0","0,0","0,0","0,0","0,0","0,0","0,0","0,0","0,0","0,0","0,0","0,0","0,0","0,0","0,0","0,0","0,0","0,0","0,0","0,0","0,0","0,0"
8002,Bohumín,80,33644,29. 9. 2026,22. 9. 2026,"5,9","5,9","0,0","5,9",50,100,100,81,31,81,25,19,38,12,6,12,12,6,0,0,19,12,6,0,6,0,6,0,0,0,0,0,0,0,0,0,0,0,0,0,0,0,0,0,0,0,0,0,0,0,0,0,12,6,0,"23,8","47,6","47,6","38,6","14,9","38,6","11,9","8,9","17,8","5,9","3,0","5,9","5,9","3,0","0,0","0,0","8,9","5,9","3,0","0,0","3,0","0,0","3,0","0,0","0,0","0,0","0,0","0,0","0,0","0,0","0,0","0,0","0,0","0,0","0,0","0,0","0,0","0,0","0,0","0,0","0,0","0,0","0,0","0,0","0,0","0,0","0,0","0,0","5,9","3,0","0,0","0,0","3,0","5,9","5,9","5,9","5,9","5,9","5,9"
8003,Bruntál,80,35543,29. 9. 2026,22. 9. 2026,"0,0","0,0","0,0","0,0",67,100,89,89,78,78,100,11,0,0,22,33,11,0,0,22,44,22,0,0,0,0,0,0,0,0,0,0,0,22,11,0,0,0,0,0,0,0,0,0,0,0,0,0,0,0,0,0,0,0,0,"16,9","25,3","22,5","22,5","19,7","19,7","25,3","2,8","0,0","0,0","5,6","8,4","2,8","0,0","0,0","5,6","11,3","5,6","0,0","0,0","0,0","0,0","0,0","0,0","0,0","0,0","0,0","0,0","0,0","5,6","2,8","0,0","0,0","0,0","0,0","0,0","0,0","0,0","0,0","0,0","0,0","0,0","0,0","0,0","0,0","0,0","0,0","0,0","0,0","0,0","0,0","0,0","0,0","0,0","0,0","0,0","0,0","0,0","0,0"
8004,Český Těšín,80,24864,29. 9. 2026,22. 9. 2026,"4,0","4,0","0,0","4,0",43,100,52,43,33,38,29,5,10,19,19,14,0,10,10,10,0,5,5,0,0,0,0,0,0,0,0,0,0,0,0,0,0,0,0,0,0,0,0,0,0,0,0,0,5,0,0,0,0,0,0,"36,2","84,5","44,2","36,2","28,2","32,2","24,1","4,0","8,0","16,1","16,1","12,1","0,0","8,0","8,0","8,0","0,0","4,0","4,0","0,0","0,0","0,0","0,0","0,0","0,0","0,0","0,0","0,0","0,0","0,0","0,0","0,0","0,0","0,0","0,0","0,0","0,0","0,0","0,0","0,0","0,0","0,0","0,0","0,0","4,0","0,0","0,0","0,0","0,0","0,0","0,0","0,0","0,0","0,0","4,0","4,0","4,0","4,0","4,0"
8005,Frenštát pod Radhoštěm,80,19637,29. 9. 2026,22. 9. 2026,"5,1","5,1","10,2","-5,1",86,100,43,57,29,71,14,57,0,43,14,43,43,14,14,0,14,29,0,0,14,0,0,0,0,0,0,0,0,0,0,0,14,0,0,0,0,0,0,0,0,0,0,0,0,0,0,0,14,0,0,"30,6","35,6","15,3","20,4","10,2","25,5","5,1","20,4","0,0","15,3","5,1","15,3","15,3","5,1","5,1","0,0","5,1","10,2","0,0","0,0","5,1","0,0","0,0","0,0","0,0","0,0","0,0","0,0","0,0","0,0","0,0","0,0","5,1","0,0","0,0","0,0","0,0","0,0","0,0","0,0","0,0","0,0","0,0","0,0","0,0","0,0","0,0","0,0","5,1","0,0","0,0","10,2","5,1","10,2","5,1","5,1","5,1","5,1","5,1"
8006,Frýdek-Místek,80,112690,29. 9. 2026,22. 9. 2026,"0,0","0,0","0,0","0,0",88,88,100,65,58,48,29,10,13,17,31,10,23,0,4,6,12,10,8,6,2,15,2,0,2,2,4,2,2,2,2,0,0,0,0,2,0,0,0,0,2,0,0,0,0,0,0,2,0,0,6,"40,8","40,8","46,1","30,2","26,6","22,2","13,3","4,4","6,2","8,0","14,2","4,4","10,6","0,0","1,8","2,7","5,3","4,4","3,5","2,7","0,9","7,1","0,9","0,0","0,9","0,9","1,8","0,9","0,9","0,9","0,9","0,0","0,0","0,0","0,0","0,9","0,0","0,0","0,0","0,0","0,9","0,0","0,0","0,0","0,0","0,0","0,0","0,9","0,0","0,0","2,7","0,0","0,0","0,0","0,0","0,0","0,0","0,0","0,0"
8007,Frýdlant nad Ostravicí,80,25418,29. 9. 2026,22. 9. 2026,"3,9","3,9","0,0","3,9",55,82,100,82,64,73,18,0,27,0,0,27,27,9,9,0,18,0,0,0,0,0,0,0,0,0,0,0,0,0,0,0,0,0,0,0,0,0,0,0,0,0,0,0,0,0,0,0,0,0,0,"23,6","35,4","43,3","35,4","27,5","31,5","7,9","0,0","11,8","0,0","0,0","11,8","11,8","3,9","3,9","0,0","7,9","0,0","0,0","0,0","0,0","0,0","0,0","0,0","0,0","0,0","0,0","0,0","0,0","0,0","0,0","0,0","0,0","0,0","0,0","0,0","0,0","0,0","0,0","0,0","0,0","0,0","0,0","0,0","0,0","0,0","0,0","0,0","0,0","0,0","0,0","0,0","0,0","3,9","3,9","3,9","3,9","3,9","3,9"
8008,Havířov,80,85861,29. 9. 2026,22. 9. 2026,"1,2","1,2","0,0","1,2",100,86,76,34,28,66,24,17,10,21,14,7,7,10,7,10,0,3,3,0,0,0,0,0,0,0,0,3,0,0,0,0,0,0,0,0,0,0,0,0,0,0,0,0,3,0,0,0,0,0,3,"33,8","29,1","25,6","11,6","9,3","22,1","8,2","5,8","3,5","7,0","4,7","2,3","2,3","3,5","2,3","3,5","0,0","1,2","1,2","0,0","0,0","0,0","0,0","0,0","0,0","0,0","0,0","1,2","0,0","0,0","0,0","0,0","0,0","0,0","0,0","0,0","0,0","0,0","0,0","0,0","0,0","0,0","0,0","0,0","1,2","0,0","0,0","0,0","0,0","0,0","1,2","0,0","0,0","0,0","1,2","1,2","1,2","1,2","1,2"
8009,Hlučín,80,40416,29. 9. 2026,22. 9. 2026,"0,0","0,0","2,5","-2,5",25,23,26,37,16,7,9,18,100,4,5,12,7,7,7,4,2,4,2,4,2,0,0,2,7,0,2,0,0,0,0,0,0,0,0,0,0,0,2,0,0,0,0,0,0,0,0,0,0,0,0,"34,6","32,2","37,1","52,0","22,3","9,9","12,4","24,7","141,0","4,9","7,4","17,3","9,9","9,9","9,9","4,9","2,5","4,9","2,5","4,9","2,5","0,0","0,0","2,5","9,9","0,0","2,5","0,0","0,0","0,0","0,0","0,0","0,0","0,0","0,0","0,0","0,0","0,0","2,5","0,0","0,0","0,0","0,0","0,0","0,0","0,0","0,0","0,0","0,0","0,0","0,0","2,5","2,5","2,5","2,5","2,5","2,5","0,0","0,0"
8010,Jablunkov,80,22480,29. 9. 2026,22. 9. 2026,"0,0","0,0","4,4","-4,4",29,100,35,18,24,18,12,6,12,0,0,6,0,12,6,0,0,12,12,0,6,6,6,6,0,0,0,0,0,0,0,0,0,0,0,0,0,0,0,0,0,0,0,0,0,0,0,0,0,0,0,"22,2","75,6","26,7","13,3","17,8","13,3","8,9","4,4","8,9","0,0","0,0","4,4","0,0","8,9","4,4","0,0","0,0","8,9","8,9","0,0","4,4","4,4","4,4","4,4","0,0","0,0","0,0","0,0","0,0","0,0","0,0","0,0","0,0","0,0","0,0","0,0","0,0","0,0","0,0","0,0","0,0","0,0","0,0","0,0","0,0","0,0","0,0","0,0","0,0","0,0","0,0","4,4","4,4","4,4","4,4","0,0","0,0","0,0","0,0"
8011,Karviná,80,61263,29. 9. 2026,22. 9. 2026,"0,0","0,0","0,0","0,0",62,81,100,94,69,12,62,31,100,25,56,38,44,6,12,12,0,0,0,6,0,6,6,0,6,0,0,6,0,0,0,0,0,0,0,0,0,0,0,0,0,0,0,0,0,0,0,0,0,0,0,"16,3","21,2","26,1","24,5","18,0","3,3","16,3","8,2","26,1","6,5","14,7","9,8","11,4","1,6","3,3","3,3","0,0","0,0","0,0","1,6","0,0","1,6","1,6","0,0","1,6","0,0","0,0","1,6","0,0","0,0","0,0","0,0","0,0","0,0","0,0","0,0","0,0","0,0","0,0","0,0","0,0","0,0","0,0","0,0","0,0","0,0","0,0","0,0","0,0","0,0","0,0","0,0","0,0","0,0","0,0","0,0","0,0","0,0","0,0"
8012,Kopřivnice,80,40686,29. 9. 2026,22. 9. 2026,"0,0","0,0","12,3","-12,3",100,83,67,67,50,28,22,17,11,22,11,22,6,0,6,6,11,11,17,6,6,0,0,0,0,0,0,0,0,0,0,0,0,0,0,0,0,6,0,0,0,0,0,0,0,0,6,6,0,6,17,"44,2","36,9","29,5","29,5","22,1","12,3","9,8","7,4","4,9","9,8","4,9","9,8","2,5","0,0","2,5","2,5","4,9","4,9","7,4","2,5","2,5","0,0","0,0","0,0","0,0","0,0","0,0","0,0","0,0","0,0","0,0","0,0","0,0","0,0","0,0","0,0","0,0","2,5","0,0","0,0","0,0","0,0","0,0","0,0","0,0","0,0","2,5","2,5","0,0","2,5","7,4","12,3","9,8","7,4","4,9","4,9","4,9","0,0","0,0"
8013,Kravaře,80,21080,29. 9. 2026,22. 9. 2026,"0,0","0,0","0,0","0,0",55,64,36,36,100,100,27,45,27,36,73,64,36,0,36,36,9,18,18,9,9,9,9,0,0,0,9,9,18,9,0,0,0,0,0,0,0,0,0,0,0,0,0,0,0,0,9,18,9,0,9,"28,5","33,2","19,0","19,0","52,2","52,2","14,2","23,7","14,2","19,0","38,0","33,2","19,0","0,0","19,0","19,0","4,7","9,5","9,5","4,7","4,7","4,7","4,7","0,0","0,0","0,0","4,7","4,7","9,5","4,7","0,0","0,0","0,0","0,0","0,0","0,0","0,0","0,0","0,0","0,0","0,0","0,0","0,0","0,0","0,0","0,0","4,7","9,5","4,7","0,0","4,7","0,0","0,0","0,0","0,0","0,0","0,0","0,0","0,0"
8014,Krnov,80,39407,29. 9. 2026,22. 9. 2026,"0,0","0,0","2,5","-2,5",100,76,67,95,67,71,29,19,62,33,43,48,19,5,5,10,14,10,5,5,5,0,0,10,5,10,0,0,0,0,5,0,0,0,0,0,0,0,0,0,0,0,0,0,0,0,0,5,0,0,0,"53,3","40,6","35,5","50,8","35,5","38,1","15,2","10,2","33,0","17,8","22,8","25,4","10,2","2,5","2,5","5,1","7,6","5,1","2,5","2,5","2,5","0,0","0,0","5,1","2,5","5,1","0,0","0,0","0,0","0,0","2,5","0,0","0,0","0,0","0,0","0,0","0,0","0,0","0,0","0,0","0,0","0,0","0,0","0,0","0,0","0,0","0,0","2,5","0,0","0,0","0,0","2,5","2,5","2,5","2,5","2,5","2,5","0,0","0,0"
8015,Nový Jičín,80,48690,29. 9. 2026,22. 9. 2026,"0,0","0,0","0,0","0,0",100,54,37,15,20,24,20,20,12,17,24,5,7,2,0,0,0,5,0,2,2,10,2,0,2,0,0,0,2,0,0,0,0,0,0,0,0,2,0,0,0,0,0,0,2,0,0,0,0,0,0,"84,2","45,2","30,8","12,3","16,4","20,5","16,4","16,4","10,3","14,4","20,5","4,1","6,2","2,1","0,0","0,0","0,0","4,1","0,0","2,1","2,1","8,2","2,1","0,0","2,1","0,0","0,0","0,0","2,1","0,0","0,0","0,0","0,0","0,0","0,0","0,0","0,0","2,1","0,0","0,0","0,0","0,0","0,0","0,0","2,1","0,0","0,0","0,0","0,0","0,0","0,0","0,0","0,0","0,0","0,0","0,0","0,0","0,0","0,0"
8016,Odry,80,17073,29. 9. 2026,22. 9. 2026,"0,0","0,0","0,0","0,0",66,100,29,31,9,14,20,6,6,14,3,6,0,0,3,0,6,11,3,6,0,3,3,3,0,0,0,0,0,0,0,0,0,0,0,0,0,0,0,0,0,0,0,0,0,0,3,6,0,3,0,"134,7","205,0","58,6","64,4","17,6","29,3","41,0","11,7","11,7","29,3","5,9","11,7","0,0","0,0","5,9","0,0","11,7","23,4","5,9","11,7","0,0","5,9","5,9","5,9","0,0","0,0","0,0","0,0","0,0","0,0","0,0","0,0","0,0","0,0","0,0","0,0","0,0","0,0","0,0","0,0","0,0","0,0","0,0","0,0","0,0","0,0","5,9","11,7","0,0","5,9","0,0","0,0","0,0","0,0","0,0","0,0","0,0","0,0","0,0"
8017,Opava,80,100305,29. 9. 2026,22. 9. 2026,"2,0","2,0","1,0","1,0",91,100,69,72,91,50,47,25,44,25,47,56,19,19,12,16,9,12,16,31,9,9,6,3,0,0,3,0,0,9,9,0,0,0,0,0,0,0,0,0,3,0,0,0,0,0,0,0,16,0,9,"28,9","31,9","21,9","22,9","28,9","16,0","15,0","8,0","14,0","8,0","15,0","17,9","6,0","6,0","4,0","5,0","3,0","4,0","5,0","10,0","3,0","3,0","2,0","1,0","0,0","0,0","1,0","0,0","0,0","3,0","3,0","0,0","0,0","0,0","0,0","0,0","0,0","0,0","0,0","0,0","1,0","0,0","0,0","0,0","0,0","0,0","0,0","0,0","5,0","0,0","3,0","1,0","1,0","2,0","2,0","1,0","1,0","1,0","2,0"
8018,Orlová,80,36534,29. 9. 2026,22. 9. 2026,"0,0","0,0","0,0","0,0",41,100,53,76,12,29,18,35,29,6,35,24,6,6,24,0,0,0,6,0,18,6,0,0,0,0,6,0,0,0,6,6,0,0,6,0,0,0,0,0,0,0,0,0,0,0,0,0,0,0,0,"19,2","46,5","24,6","35,6","5,5","13,7","8,2","16,4","13,7","2,7","16,4","10,9","2,7","2,7","10,9","0,0","0,0","0,0","2,7","0,0","8,2","2,7","0,0","0,0","0,0","0,0","2,7","0,0","0,0","0,0","2,7","2,7","0,0","0,0","2,7","0,0","0,0","0,0","0,0","0,0","0,0","0,0","0,0","0,0","0,0","0,0","0,0","0,0","0,0","0,0","0,0","0,0","0,0","0,0","0,0","0,0","0,0","0,0","0,0"
8019,Ostrava,80,316149,29. 9. 2026,22. 9. 2026,"2,5","2,5","0,6","1,9",96,100,85,72,61,46,35,30,35,34,39,22,18,4,14,13,9,10,7,10,4,5,2,2,4,3,0,0,4,2,0,0,1,1,2,1,1,2,0,0,1,0,0,0,1,1,1,0,4,1,2,"34,5","36,1","30,7","25,9","22,1","16,8","12,7","10,8","12,7","12,3","14,2","7,9","6,3","1,6","5,1","4,7","3,2","3,5","2,5","3,5","1,6","1,9","0,6","0,6","1,3","0,9","0,0","0,0","1,3","0,6","0,0","0,0","0,3","0,3","0,6","0,3","0,3","0,6","0,0","0,0","0,3","0,0","0,0","0,0","0,3","0,3","0,3","0,0","1,6","0,3","0,6","0,6","1,9","2,2","2,2","2,2","2,2","1,6","2,5"
8020,Rýmařov,80,14884,29. 9. 2026,22. 9. 2026,"0,0","0,0","0,0","0,0",100,75,100,50,62,25,50,12,12,38,25,0,0,0,12,12,38,0,0,0,0,25,0,0,0,0,0,0,0,0,0,0,0,0,0,0,0,0,0,0,0,0,0,0,0,0,0,0,0,0,0,"53,7","40,3","53,7","26,9","33,6","13,4","26,9","6,7","6,7","20,2","13,4","0,0","0,0","0,0","6,7","6,7","20,2","0,0","0,0","0,0","0,0","13,4","0,0","0,0","0,0","0,0","0,0","0,0","0,0","0,0","0,0","0,0","0,0","0,0","0,0","0,0","0,0","0,0","0,0","0,0","0,0","0,0","0,0","0,0","0,0","0,0","0,0","0,0","0,0","0,0","0,0","0,0","0,0","0,0","0,0","0,0","0,0","0,0","0,0"
8021,Třinec,80,54081,29. 9. 2026,22. 9. 2026,"1,8","1,8","0,0","1,8",59,100,66,66,47,38,12,16,16,22,3,16,12,0,0,6,6,0,0,6,0,3,6,0,0,3,3,0,0,0,0,0,0,0,3,0,0,0,0,0,0,0,0,0,0,0,0,3,0,3,0,"35,1","59,2","38,8","38,8","27,7","22,2","7,4","9,2","9,2","12,9","1,8","9,2","7,4","0,0","0,0","3,7","3,7","0,0","0,0","3,7","0,0","1,8","3,7","0,0","0,0","1,8","1,8","0,0","0,0","0,0","0,0","0,0","0,0","0,0","1,8","0,0","0,0","0,0","0,0","0,0","0,0","0,0","0,0","0,0","0,0","0,0","0,0","1,8","0,0","1,8","0,0","0,0","0,0","0,0","1,8","1,8","1,8","1,8","1,8"
8022,Vítkov,80,13241,29. 9. 2026,22. 9. 2026,"0,0","0,0","7,6","-7,6",85,100,85,77,38,38,31,31,15,31,23,15,23,8,8,23,8,0,0,15,0,0,0,0,0,8,8,0,0,8,0,0,0,0,0,0,0,0,0,0,0,0,0,0,8,0,0,0,0,0,0,"83,1","98,2","83,1","75,5","37,8","37,8","30,2","30,2","15,1","30,2","22,7","15,1","22,7","7,6","7,6","22,7","7,6","0,0","0,0","15,1","0,0","0,0","0,0","0,0","0,0","7,6","7,6","0,0","0,0","7,6","0,0","0,0","0,0","0,0","0,0","0,0","0,0","0,0","0,0","0,0","0,0","0,0","0,0","0,0","7,6","0,0","0,0","0,0","0,0","0,0","0,0","7,6","7,6","0,0","0,0","0,0","0,0","0,0","0,0"
