kód,obec,kraj,počet obyv.,datum,datum-7,"dnes (ČR: -45136,9)",dnes,dnes-7,změna,week_0,week_1,week_2,week_3,week_4,week_5,week_6,week_7,week_8,week_9,week_10,week_11,week_12,week_13,week_14,week_15,week_16,week_17,week_18,week_19,week_20,week_21,week_22,week_23,week_24,week_25,week_26,week_27,week_28,week_29,week_30,week_31,week_32,week_33,week_34,week_35,week_36,week_37,week_38,week_39,week_40,week_41,week_42,week_43,week_44,week_45,week_46,week_47,week_48,week_49,week_50,week_51,4.10.25,11.10.25,18.10.25,25.10.25,1.11.25,8.11.25,15.11.25,22.11.25,29.11.25,6.12.25,13.12.25,20.12.25,27.12.25,3.1.26,10.1.26,17.1.26,24.1.26,31.1.26,7.2.26,14.2.26,21.2.26,28.2.26,7.3.26,14.3.26,21.3.26,28.3.26,4.4.26,11.4.26,18.4.26,25.4.26,2.5.26,9.5.26,16.5.26,23.5.26,30.5.26,6.6.26,13.6.26,20.6.26,27.6.26,4.7.26,11.7.26,18.7.26,25.7.26,1.8.26,8.8.26,15.8.26,22.8.26,29.8.26,5.9.26,12.9.26,19.9.26,26.9.26,27.9.26,28.9.26,29.9.26,30.9.26,1.10.26,2.10.26,3.10.26
1000,Praha,10,1357326,3. 10. 2026,26. 9. 2026,"282,0","282,0","282,5","-0,6",99,100,94,94,92,92,92,90,91,92,92,92,89,89,89,89,89,89,89,89,89,88,88,88,88,88,88,88,88,88,88,87,87,87,87,87,87,87,87,87,87,87,88,88,87,87,87,88,88,88,88,89,"313,2","317,5","298,4","298,3","293,0","293,0","290,6","287,0","289,1","290,9","291,1","290,9","283,7","282,7","282,4","283,0","282,7","282,1","281,6","282,5","281,1","280,8","279,4","279,8","278,9","278,3","278,3","278,3","278,6","278,5","278,1","277,5","277,8","277,6","277,8","277,7","277,8","277,7","277,8","277,8","277,5","277,7","278,0","278,3","277,7","277,6","277,6","278,0","278,6","279,2","280,4","282,5","282,0","281,6","282,8","283,8","283,0","282,4","282,0"
2001,Benešov,20,63219,3. 10. 2026,26. 9. 2026,"409,7","409,7","408,1","1,6",99,100,99,97,95,95,95,95,94,96,95,94,93,93,93,93,93,93,93,94,94,94,94,94,94,94,94,94,94,94,94,94,94,94,95,94,94,94,94,94,94,94,94,94,94,94,94,94,94,94,94,94,"430,3","433,4","428,7","419,2","412,9","412,9","411,3","411,3","408,1","414,4","412,9","408,1","404,9","403,4","404,9","404,9","404,9","404,9","404,9","408,1","406,5","408,1","406,5","406,5","406,5","406,5","408,1","408,1","406,5","406,5","406,5","406,5","406,5","406,5","409,7","406,5","406,5","406,5","406,5","406,5","406,5","406,5","406,5","406,5","406,5","406,5","406,5","406,5","408,1","406,5","406,5","408,1","408,1","408,1","408,1","408,1","411,3","411,3","409,7"
2002,Beroun,20,69040,3. 10. 2026,26. 9. 2026,"231,7","231,7","230,3","1,4",99,100,93,90,84,88,86,88,85,86,91,90,86,83,82,85,84,85,85,83,84,83,83,82,82,82,81,81,81,81,81,81,81,81,81,81,81,81,81,82,81,81,82,81,82,81,81,81,81,81,82,82,"279,5","282,4","262,2","254,9","236,1","247,7","241,9","247,7","239,0","241,9","256,4","253,5","243,3","233,2","230,3","240,4","236,1","240,4","240,4","234,6","237,5","234,6","233,2","230,3","230,3","230,3","228,9","228,9","228,9","228,9","228,9","228,9","228,9","228,9","228,9","228,9","228,9","228,9","228,9","230,3","228,9","228,9","230,3","228,9","230,3","228,9","228,9","228,9","228,9","228,9","231,7","230,3","230,3","228,9","228,9","228,9","230,3","231,7","231,7"
2003,Brandýs nad Labem-Stará Boleslav,20,120779,3. 10. 2026,26. 9. 2026,"202,0","202,0","197,9","4,1",99,100,85,88,88,88,83,83,83,83,84,83,82,80,79,80,80,79,79,79,80,80,78,79,78,78,78,78,78,78,78,78,78,78,78,78,78,78,78,78,78,78,78,78,78,78,78,78,78,78,79,79,"249,2","250,9","214,4","221,9","221,9","221,1","207,0","207,8","209,5","209,5","210,3","209,5","206,2","201,2","198,7","200,4","200,4","197,9","198,7","198,7","200,4","199,5","196,2","198,7","195,4","195,4","196,2","196,2","194,6","194,6","194,6","194,6","195,4","195,4","194,6","194,6","194,6","194,6","194,6","195,4","195,4","194,6","194,6","194,6","194,6","194,6","194,6","194,6","195,4","195,4","197,1","197,9","197,9","197,9","201,2","202,0","202,8","202,0","202,0"
2004,Čáslav,20,26427,3. 10. 2026,26. 9. 2026,"378,4","378,4","363,3","15,1",100,94,88,83,77,80,76,75,78,77,80,78,75,76,76,77,74,75,74,74,74,74,74,74,74,74,74,74,74,74,74,74,74,74,74,74,74,74,74,74,74,74,74,74,74,74,74,74,74,74,74,74,"488,1","457,9","427,6","404,9","374,6","389,8","370,8","367,0","378,4","374,6","389,8","382,2","367,0","370,8","370,8","374,6","363,3","367,0","363,3","363,3","363,3","363,3","363,3","363,3","363,3","363,3","363,3","363,3","363,3","363,3","363,3","363,3","363,3","359,5","359,5","363,3","363,3","363,3","363,3","363,3","363,3","363,3","363,3","363,3","363,3","363,3","363,3","363,3","363,3","363,3","363,3","363,3","363,3","363,3","363,3","363,3","367,0","378,4","378,4"
2005,Černošice,20,158235,3. 10. 2026,26. 9. 2026,"198,4","198,4","196,5","1,9",100,99,88,90,85,82,82,81,82,84,84,85,81,81,81,81,81,82,82,81,81,80,79,79,79,79,79,79,79,78,78,79,78,78,78,78,79,79,79,78,79,79,79,78,79,79,78,78,78,79,80,80,"246,5","244,6","218,0","221,2","209,2","201,6","202,2","198,4","201,0","206,0","207,3","208,6","199,1","200,3","200,3","199,1","199,7","202,9","202,9","200,3","199,1","196,5","194,6","195,3","195,9","195,3","194,0","194,0","194,0","193,4","193,4","194,0","193,4","193,4","193,4","193,4","194,0","194,6","194,0","193,4","194,0","194,6","194,0","193,4","194,0","194,6","193,4","193,4","193,4","194,6","196,5","196,5","195,9","195,9","197,2","198,4","197,8","199,1","198,4"
2006,Český Brod,20,20725,3. 10. 2026,26. 9. 2026,"395,7","395,7","395,7","0,0",100,96,85,81,83,83,85,83,88,92,83,87,82,83,80,80,83,82,81,80,80,81,82,81,80,80,80,80,80,82,80,80,80,80,80,80,80,80,80,80,80,80,80,80,81,80,80,80,80,81,81,80,"492,2","472,9","419,8","400,5","410,1","410,1","419,8","410,1","434,3","453,6","410,1","429,4","405,3","410,1","395,7","395,7","410,1","405,3","400,5","395,7","395,7","400,5","405,3","400,5","395,7","395,7","395,7","395,7","395,7","405,3","395,7","395,7","395,7","395,7","395,7","395,7","395,7","395,7","395,7","395,7","395,7","395,7","395,7","395,7","400,5","395,7","395,7","395,7","395,7","400,5","400,5","395,7","395,7","395,7","395,7","395,7","395,7","395,7","395,7"
2007,Dobříš,20,23935,3. 10. 2026,26. 9. 2026,"208,9","208,9","200,5","8,4",100,95,77,70,67,62,66,63,68,63,56,52,53,55,53,62,63,59,66,70,71,68,68,70,70,68,66,66,67,66,66,66,66,66,66,66,66,66,66,66,66,66,66,66,66,66,66,66,66,67,66,66,"305,0","288,3","234,0","213,1","204,7","188,0","200,5","192,2","208,9","192,2","171,3","158,8","162,9","167,1","162,9","188,0","192,2","179,7","200,5","213,1","217,3","208,9","208,9","213,1","213,1","208,9","200,5","200,5","204,7","200,5","200,5","200,5","200,5","200,5","200,5","200,5","200,5","200,5","200,5","200,5","200,5","200,5","200,5","200,5","200,5","200,5","200,5","200,5","200,5","204,7","200,5","200,5","200,5","200,5","200,5","200,5","204,7","208,9","208,9"
2008,Hořovice,20,31477,3. 10. 2026,26. 9. 2026,"273,2","273,2","273,2","0,0",96,100,93,95,90,87,91,90,86,87,95,92,88,85,84,85,85,85,85,85,85,87,86,86,86,86,86,87,85,85,84,84,84,84,84,84,84,84,84,84,84,84,84,84,84,84,84,84,84,84,84,85,"308,2","320,9","298,6","305,0","289,1","279,6","292,3","289,1","276,4","279,6","305,0","295,5","282,7","273,2","270,0","273,2","273,2","273,2","273,2","273,2","273,2","279,6","276,4","276,4","276,4","276,4","276,4","279,6","273,2","273,2","270,0","270,0","270,0","270,0","270,0","270,0","270,0","270,0","270,0","270,0","270,0","270,0","270,0","270,0","270,0","270,0","270,0","270,0","270,0","270,0","270,0","273,2","273,2","273,2","273,2","276,4","276,4","273,2","273,2"
2009,Kladno,20,126779,3. 10. 2026,26. 9. 2026,"328,9","328,9","328,1","0,8",100,100,93,90,86,87,87,86,86,87,87,87,86,85,85,84,85,84,85,86,84,84,84,84,84,84,84,83,83,83,84,83,83,83,83,83,83,83,83,83,83,83,83,83,83,83,83,83,83,83,85,85,"386,5","384,9","360,5","349,4","332,1","336,8","336,0","332,1","331,3","335,2","334,4","335,2","333,7","329,7","328,1","326,6","327,3","324,2","328,1","331,3","325,8","324,2","323,4","325,0","323,4","323,4","323,4","322,6","322,6","322,6","325,0","322,6","322,6","321,8","321,8","321,8","321,8","321,8","321,8","321,8","322,6","321,8","321,8","321,8","321,8","321,8","321,0","321,8","322,6","322,6","327,3","328,1","326,6","326,6","328,9","331,3","331,3","330,5","328,9"
2010,Kolín,20,86543,3. 10. 2026,26. 9. 2026,"410,2","410,2","410,2","0,0",100,98,96,97,98,97,94,93,92,93,92,92,92,91,93,93,93,93,93,93,93,92,92,91,90,90,90,90,89,89,89,89,89,89,89,89,89,89,89,89,89,89,89,89,89,89,89,89,89,89,90,90,"456,4","449,5","440,2","444,9","448,3","444,9","429,8","424,1","420,6","422,9","421,8","421,8","418,3","416,0","422,9","424,1","426,4","426,4","426,4","426,4","426,4","420,6","418,3","414,8","411,4","410,2","412,5","409,0","407,9","407,9","407,9","407,9","406,7","406,7","406,7","406,7","406,7","406,7","406,7","406,7","406,7","406,7","406,7","407,9","407,9","406,7","407,9","407,9","407,9","407,9","409,0","410,2","410,2","410,2","411,4","411,4","410,2","410,2","410,2"
2011,Kralupy nad Vltavou,20,34023,3. 10. 2026,26. 9. 2026,"411,5","411,5","405,6","5,9",100,96,96,96,95,97,93,91,92,94,94,91,90,91,90,89,91,90,89,89,88,89,88,90,89,90,88,88,88,88,88,88,88,88,88,88,88,88,88,88,88,88,88,88,88,88,88,88,88,88,88,88,"458,5","440,9","437,9","437,9","435,0","443,8","426,2","417,4","423,2","432,1","429,1","417,4","414,4","417,4","414,4","408,5","417,4","411,5","408,5","408,5","405,6","408,5","405,6","414,4","408,5","414,4","405,6","405,6","405,6","405,6","405,6","405,6","402,7","402,7","402,7","402,7","402,7","402,7","402,7","402,7","402,7","402,7","402,7","402,7","402,7","402,7","402,7","405,6","402,7","402,7","405,6","405,6","405,6","402,7","402,7","402,7","411,5","411,5","411,5"
2012,Kutná Hora,20,51645,3. 10. 2026,26. 9. 2026,"389,2","389,2","385,3","3,9",95,100,100,95,89,92,92,90,91,93,92,92,91,90,89,90,90,90,89,90,90,89,89,89,87,87,87,87,87,87,87,87,87,87,87,87,87,87,87,87,87,87,87,87,87,88,88,87,87,87,87,88,"418,2","439,5","437,6","416,3","393,1","404,7","402,7","395,0","398,9","406,6","404,7","402,7","398,9","395,0","393,1","395,0","396,9","396,9","393,1","396,9","395,0","391,1","389,2","391,1","383,4","381,5","383,4","383,4","381,5","381,5","381,5","381,5","381,5","381,5","381,5","381,5","381,5","381,5","381,5","381,5","381,5","381,5","381,5","381,5","381,5","385,3","385,3","381,5","381,5","381,5","381,5","385,3","385,3","385,3","389,2","389,2","387,3","389,2","389,2"
2013,Lysá nad Labem,20,31575,3. 10. 2026,26. 9. 2026,"259,7","259,7","259,7","0,0",91,100,83,85,82,80,80,79,81,78,78,77,76,76,78,79,78,78,80,80,79,77,77,77,77,77,77,77,77,77,77,78,79,77,77,77,77,77,77,77,77,77,77,77,77,77,77,77,78,77,77,77,"304,0","335,7","278,7","285,0","275,5","269,2","269,2","266,0","272,4","262,9","262,9","259,7","256,5","256,5","262,9","266,0","262,9","262,9","269,2","269,2","266,0","259,7","259,7","259,7","259,7","259,7","259,7","259,7","259,7","259,7","259,7","262,9","266,0","259,7","259,7","259,7","259,7","259,7","259,7","259,7","259,7","259,7","259,7","259,7","259,7","259,7","259,7","259,7","262,9","259,7","259,7","259,7","259,7","259,7","259,7","259,7","259,7","259,7","259,7"
2014,Mělník,20,46205,3. 10. 2026,26. 9. 2026,"424,2","424,2","426,4","-2,2",98,100,93,90,90,91,89,89,91,91,91,92,88,88,91,88,87,86,87,86,87,87,87,86,86,86,86,86,86,86,86,86,86,86,86,86,86,86,86,86,86,86,86,86,86,86,86,86,86,86,86,87,"478,3","489,1","454,5","441,5","441,5","445,8","437,2","435,0","445,8","445,8","445,8","448,0","430,7","432,9","443,7","428,5","426,4","422,0","424,2","422,0","426,4","424,2","426,4","419,9","419,9","419,9","419,9","419,9","419,9","419,9","419,9","419,9","419,9","419,9","419,9","419,9","419,9","419,9","419,9","419,9","419,9","422,0","422,0","419,9","419,9","419,9","422,0","419,9","422,0","422,0","422,0","426,4","426,4","426,4","426,4","426,4","424,2","424,2","424,2"
2015,Mladá Boleslav,20,115318,3. 10. 2026,26. 9. 2026,"434,5","434,5","400,6","33,8",100,99,92,89,88,88,87,86,86,87,86,87,86,85,86,86,85,85,85,86,86,86,85,86,86,85,85,85,85,85,85,85,85,85,85,85,85,85,85,85,85,85,85,85,85,85,85,85,85,85,85,88,"455,3","450,1","420,6","405,8","398,9","402,4","396,3","392,8","392,8","396,3","392,0","395,4","391,1","388,5","390,2","392,0","387,6","387,6","387,6","393,7","391,1","390,2","387,6","390,2","390,2","387,6","386,8","385,9","385,9","385,0","385,0","385,0","385,0","385,0","385,0","385,9","385,0","385,0","385,0","385,0","385,0","385,0","385,0","385,0","385,0","385,0","385,0","385,0","385,9","387,6","387,6","400,6","399,8","399,8","404,1","414,5","431,0","434,5","434,5"
2016,Mnichovo Hradiště,20,18558,3. 10. 2026,26. 9. 2026,"474,2","474,2","474,2","0,0",100,99,97,93,93,93,91,91,92,92,92,95,95,92,91,92,91,91,91,91,91,91,91,91,92,92,91,91,91,91,91,91,91,91,91,91,91,91,91,91,91,91,91,91,91,91,91,91,91,91,91,92,"517,3","511,9","501,1","479,6","479,6","479,6","468,8","468,8","474,2","474,2","474,2","490,4","490,4","474,2","468,8","474,2","468,8","468,8","468,8","468,8","468,8","468,8","468,8","468,8","474,2","474,2","468,8","468,8","468,8","468,8","468,8","468,8","468,8","468,8","468,8","468,8","468,8","468,8","468,8","468,8","468,8","468,8","468,8","468,8","468,8","468,8","468,8","468,8","468,8","468,8","468,8","474,2","474,2","474,2","474,2","474,2","474,2","474,2","474,2"
2017,Neratovice,20,32872,3. 10. 2026,26. 9. 2026,"319,4","319,4","316,4","3,0",97,100,87,85,82,81,81,82,80,80,82,82,79,77,77,76,77,77,76,77,76,77,76,75,76,75,75,75,75,75,75,75,75,75,75,77,75,75,76,77,76,75,75,75,75,75,75,75,75,77,76,76,"404,6","416,8","362,0","355,9","343,8","337,7","337,7","340,7","334,6","334,6","340,7","340,7","328,5","319,4","322,5","316,4","322,5","319,4","316,4","319,4","316,4","319,4","316,4","313,3","316,4","313,3","313,3","313,3","313,3","313,3","313,3","313,3","313,3","313,3","313,3","319,4","313,3","313,3","316,4","319,4","316,4","313,3","313,3","313,3","313,3","313,3","313,3","313,3","313,3","319,4","316,4","316,4","316,4","316,4","319,4","322,5","319,4","319,4","319,4"
2018,Nymburk,20,41484,3. 10. 2026,26. 9. 2026,"332,7","332,7","335,1","-2,4",100,96,92,92,94,92,94,92,91,93,91,92,92,90,90,90,90,91,92,92,91,90,90,90,90,90,90,90,90,90,90,90,90,90,90,90,90,90,90,90,90,90,90,90,90,90,90,90,90,90,90,90,"371,2","356,8","342,3","342,3","349,5","342,3","347,1","339,9","337,5","344,7","337,5","342,3","339,9","335,1","335,1","335,1","332,7","337,5","339,9","342,3","337,5","332,7","332,7","332,7","332,7","332,7","332,7","332,7","332,7","332,7","332,7","332,7","332,7","332,7","332,7","332,7","332,7","335,1","335,1","332,7","332,7","332,7","332,7","332,7","332,7","332,7","332,7","332,7","332,7","335,1","332,7","335,1","335,1","335,1","335,1","335,1","332,7","332,7","332,7"
2019,Poděbrady,20,32404,3. 10. 2026,26. 9. 2026,"398,1","398,1","404,3","-6,2",90,97,100,94,90,88,88,87,88,88,87,87,86,87,85,85,86,86,86,86,86,86,85,85,85,84,84,84,84,84,84,84,84,84,84,84,84,84,84,84,84,84,84,84,84,86,84,84,84,84,85,86,"422,8","456,7","472,2","444,4","425,9","416,6","413,5","410,4","413,5","416,6","410,4","410,4","407,4","410,4","401,2","401,2","404,3","404,3","407,4","404,3","404,3","404,3","401,2","401,2","401,2","398,1","398,1","398,1","398,1","398,1","398,1","398,1","398,1","398,1","398,1","398,1","398,1","398,1","398,1","398,1","398,1","398,1","398,1","398,1","398,1","404,3","398,1","398,1","398,1","398,1","401,2","404,3","401,2","401,2","401,2","401,2","398,1","398,1","398,1"
2020,Příbram,20,71498,3. 10. 2026,26. 9. 2026,"262,9","262,9","262,9","0,0",79,72,60,70,61,49,42,36,35,41,38,33,32,29,29,54,53,54,66,100,97,97,98,98,98,98,97,96,96,96,96,96,96,96,96,96,96,96,95,95,95,96,95,95,95,95,95,95,95,96,96,96,"216,8","198,6","165,0","193,0","167,8","135,7","116,1","99,3","95,1","111,9","103,5","90,9","86,7","78,3","78,3","148,3","145,5","148,3","181,8","274,1","267,1","267,1","269,9","268,5","268,5","268,5","265,7","262,9","262,9","264,3","264,3","264,3","264,3","262,9","262,9","262,9","262,9","262,9","261,5","261,5","261,5","262,9","261,5","261,5","261,5","261,5","261,5","261,5","261,5","262,9","264,3","262,9","262,9","261,5","262,9","262,9","262,9","262,9","262,9"
2021,Rakovník,20,56058,3. 10. 2026,26. 9. 2026,"426,3","426,3","426,3","0,0",99,100,95,92,92,92,92,91,93,94,91,90,91,91,90,90,91,91,91,91,90,90,90,89,89,90,90,89,89,89,89,89,89,89,89,89,89,89,89,89,89,89,89,89,89,89,89,89,89,90,89,89,"470,9","478,1","454,9","440,6","438,8","438,8","438,8","433,5","444,2","447,8","437,0","431,7","435,3","433,5","431,7","431,7","435,3","433,5","433,5","435,3","428,1","428,1","428,1","426,3","426,3","431,7","431,7","426,3","426,3","426,3","426,3","426,3","426,3","426,3","426,3","426,3","426,3","426,3","426,3","426,3","426,3","426,3","426,3","426,3","426,3","426,3","426,3","426,3","426,3","428,1","426,3","426,3","426,3","426,3","426,3","426,3","426,3","426,3","426,3"
2022,Říčany,20,77533,3. 10. 2026,26. 9. 2026,"220,6","220,6","221,8","-1,3",100,99,92,88,91,94,93,89,90,93,91,92,89,88,90,89,87,86,87,86,87,87,88,87,86,86,86,86,88,86,86,86,86,86,86,86,86,86,86,86,86,86,86,86,86,86,86,86,86,86,86,87,"254,1","252,8","234,7","224,4","230,9","239,9","237,3","227,0","228,3","236,0","232,2","233,4","225,7","224,4","229,6","225,7","221,8","219,3","220,6","219,3","220,6","221,8","224,4","221,8","219,3","218,0","218,0","219,3","223,1","219,3","218,0","218,0","218,0","219,3","218,0","218,0","218,0","219,3","218,0","218,0","218,0","218,0","219,3","219,3","218,0","218,0","218,0","218,0","218,0","218,0","219,3","221,8","221,8","221,8","221,8","223,1","220,6","220,6","220,6"
2023,Sedlčany,20,22121,3. 10. 2026,26. 9. 2026,"226,0","226,0","230,6","-4,5",100,95,93,91,88,88,88,81,84,79,82,86,77,74,74,82,82,88,84,88,88,89,89,89,88,88,86,86,86,88,86,86,86,86,86,86,86,86,86,86,86,86,86,86,86,86,86,86,86,88,91,89,"257,7","244,1","239,6","235,1","226,0","226,0","226,0","207,9","217,0","203,4","212,5","221,5","198,9","189,9","189,9","212,5","212,5","226,0","217,0","226,0","226,0","230,6","230,6","230,6","226,0","226,0","221,5","221,5","221,5","226,0","221,5","221,5","221,5","221,5","221,5","221,5","221,5","221,5","221,5","221,5","221,5","221,5","221,5","221,5","221,5","221,5","221,5","221,5","221,5","226,0","235,1","230,6","226,0","226,0","226,0","226,0","226,0","226,0","226,0"
2024,Slaný,20,41929,3. 10. 2026,26. 9. 2026,"374,4","374,4","374,4","0,0",100,95,93,93,93,91,88,87,88,87,89,87,90,87,87,88,87,86,88,87,87,86,86,86,86,86,86,86,86,86,86,86,86,87,86,86,86,86,86,86,86,87,86,86,86,86,87,87,86,86,86,86,"434,1","412,6","405,4","405,4","403,1","393,5","381,6","376,8","381,6","379,2","386,4","379,2","391,1","379,2","379,2","384,0","376,8","374,4","381,6","379,2","376,8","374,4","374,4","374,4","374,4","374,4","374,4","374,4","374,4","374,4","374,4","374,4","374,4","376,8","374,4","374,4","374,4","374,4","374,4","374,4","374,4","376,8","374,4","374,4","374,4","374,4","376,8","376,8","374,4","374,4","374,4","374,4","374,4","374,4","374,4","374,4","374,4","374,4","374,4"
2025,Vlašim,20,26226,3. 10. 2026,26. 9. 2026,"510,9","510,9","510,9","0,0",98,99,99,98,97,97,96,98,96,97,100,100,99,99,98,99,99,98,98,97,97,98,97,97,97,97,97,97,97,97,97,97,97,97,97,97,97,97,97,97,97,97,97,97,97,97,97,97,97,97,97,97,"514,8","522,4","518,6","514,8","510,9","510,9","507,1","514,8","507,1","510,9","526,2","526,2","522,4","518,6","514,8","518,6","518,6","514,8","514,8","510,9","510,9","514,8","510,9","510,9","510,9","510,9","510,9","510,9","510,9","510,9","510,9","510,9","510,9","510,9","510,9","510,9","510,9","510,9","510,9","510,9","510,9","510,9","510,9","510,9","510,9","510,9","510,9","510,9","510,9","510,9","510,9","510,9","510,9","510,9","510,9","510,9","510,9","510,9","510,9"
2026,Votice,20,12783,3. 10. 2026,26. 9. 2026,"532,0","532,0","532,0","0,0",100,94,91,90,90,90,91,88,90,88,90,90,88,88,88,88,91,91,91,91,88,88,88,88,88,88,88,88,88,88,88,88,88,88,88,88,90,88,88,88,88,88,88,88,88,88,88,88,88,88,88,88,"602,4","563,2","547,6","539,8","539,8","539,8","547,6","532,0","539,8","532,0","539,8","539,8","532,0","532,0","532,0","532,0","547,6","547,6","547,6","547,6","532,0","532,0","532,0","532,0","532,0","532,0","532,0","532,0","532,0","532,0","532,0","532,0","532,0","532,0","532,0","532,0","539,8","532,0","532,0","532,0","532,0","532,0","532,0","532,0","532,0","532,0","532,0","532,0","532,0","532,0","532,0","532,0","532,0","532,0","532,0","532,0","532,0","532,0","532,0"
3101,Blatná,31,13685,3. 10. 2026,26. 9. 2026,"540,7","540,7","540,7","0,0",98,94,90,94,93,94,96,99,100,100,94,93,92,90,88,89,89,88,88,88,88,88,88,89,89,88,87,87,87,87,87,87,87,87,87,87,87,87,87,87,87,87,87,87,87,87,87,87,87,87,87,88,"599,2","577,3","555,4","577,3","570,0","577,3","591,9","606,5","613,8","613,8","577,3","570,0","562,7","555,4","540,7","548,0","548,0","540,7","540,7","540,7","540,7","540,7","540,7","548,0","548,0","540,7","533,4","533,4","533,4","533,4","533,4","533,4","533,4","533,4","533,4","533,4","533,4","533,4","533,4","533,4","533,4","533,4","533,4","533,4","533,4","533,4","533,4","533,4","533,4","533,4","533,4","540,7","540,7","540,7","540,7","540,7","533,4","540,7","540,7"
3102,České Budějovice,31,166778,3. 10. 2026,26. 9. 2026,"397,5","397,5","397,5","0,0",99,100,96,94,90,91,89,89,90,93,92,91,89,88,89,88,88,88,87,87,88,87,87,87,86,86,86,86,86,86,86,86,86,86,86,86,86,86,86,86,86,86,86,86,86,86,86,86,86,87,87,87,"452,1","458,7","441,3","431,1","414,9","415,5","408,9","407,7","414,9","424,5","423,9","416,1","408,9","404,7","409,5","404,7","402,9","401,7","398,7","401,1","401,7","399,9","398,7","396,9","396,3","396,3","395,7","395,7","395,7","395,7","396,3","395,7","396,3","395,7","395,7","395,7","396,3","395,7","395,7","395,7","396,3","395,7","395,7","395,7","395,7","396,3","396,3","395,7","395,7","396,9","398,1","397,5","397,5","397,5","398,1","398,1","398,7","397,5","397,5"
3103,Český Krumlov,31,41867,3. 10. 2026,26. 9. 2026,"410,8","410,8","410,8","0,0",100,100,93,94,94,93,93,92,92,94,91,91,92,91,91,92,92,92,90,90,89,88,88,88,88,89,89,89,89,89,89,89,89,89,89,89,89,89,89,89,89,90,90,90,89,89,89,90,90,90,90,90,"456,2","456,2","422,8","429,9","427,5","425,2","425,2","418,0","420,4","429,9","415,6","415,6","420,4","413,2","415,6","418,0","418,0","418,0","410,8","410,8","406,0","403,7","403,7","403,7","403,7","406,0","406,0","406,0","406,0","406,0","406,0","406,0","406,0","406,0","406,0","406,0","406,0","406,0","406,0","406,0","406,0","408,4","410,8","408,4","406,0","406,0","406,0","408,4","408,4","408,4","410,8","410,8","408,4","408,4","408,4","410,8","410,8","410,8","410,8"
3104,Dačice,31,18507,3. 10. 2026,26. 9. 2026,"443,1","443,1","453,9","-10,8",89,94,100,85,80,83,78,78,81,80,76,81,80,75,78,75,75,75,78,76,76,76,75,75,75,75,77,76,75,75,76,75,75,75,75,75,75,75,75,75,75,75,75,75,75,75,75,75,76,77,75,77,"524,1","551,1","589,0","502,5","470,1","486,3","459,3","459,3","475,5","470,1","448,5","475,5","470,1","443,1","459,3","443,1","443,1","443,1","459,3","448,5","448,5","448,5","443,1","443,1","443,1","443,1","453,9","448,5","443,1","443,1","448,5","443,1","443,1","443,1","443,1","443,1","443,1","443,1","443,1","443,1","443,1","443,1","443,1","443,1","443,1","443,1","443,1","443,1","448,5","453,9","443,1","453,9","453,9","453,9","453,9","453,9","448,5","443,1","443,1"
3105,Jindřichův Hradec,31,46910,3. 10. 2026,26. 9. 2026,"486,0","486,0","490,3","-4,3",92,100,98,97,92,91,92,90,91,92,89,90,88,86,88,86,87,87,86,87,87,86,86,86,86,86,86,86,86,86,86,86,86,86,86,86,86,86,86,86,86,86,86,86,86,86,86,86,86,86,86,86,"522,3","567,0","556,4","547,9","524,4","515,9","520,1","509,5","518,0","522,3","503,1","509,5","501,0","490,3","496,7","488,2","494,6","494,6","490,3","492,4","492,4","488,2","486,0","490,3","486,0","486,0","486,0","486,0","486,0","486,0","486,0","486,0","486,0","486,0","486,0","486,0","486,0","486,0","486,0","486,0","486,0","486,0","486,0","486,0","486,0","486,0","486,0","486,0","486,0","486,0","486,0","490,3","490,3","490,3","490,3","490,3","488,2","486,0","486,0"
3106,Kaplice,31,20171,3. 10. 2026,26. 9. 2026,"426,4","426,4","426,4","0,0",100,95,93,94,91,92,89,88,87,90,90,88,87,90,89,92,88,90,90,89,88,86,86,86,86,86,86,86,87,86,86,86,86,86,86,86,86,86,86,87,86,86,86,87,87,87,88,88,87,87,87,87,"490,8","466,0","456,1","461,1","446,2","451,1","436,3","431,3","426,4","441,2","441,2","431,3","426,4","441,2","436,3","451,1","431,3","441,2","441,2","436,3","431,3","421,4","421,4","421,4","421,4","421,4","421,4","421,4","426,4","421,4","421,4","421,4","421,4","421,4","421,4","421,4","421,4","421,4","421,4","426,4","421,4","421,4","421,4","426,4","426,4","426,4","431,3","431,3","426,4","426,4","426,4","426,4","426,4","426,4","426,4","426,4","426,4","426,4","426,4"
3107,Milevsko,31,18188,3. 10. 2026,26. 9. 2026,"489,3","489,3","489,3","0,0",100,97,90,96,89,87,83,81,78,80,84,81,77,77,77,77,77,77,79,77,77,78,77,77,77,77,77,78,78,77,77,77,77,77,77,77,77,77,77,77,77,77,77,77,77,77,77,77,77,77,77,77,"632,3","610,3","571,8","604,8","560,8","549,8","527,8","511,3","494,8","505,8","533,3","511,3","489,3","483,8","483,8","489,3","489,3","483,8","500,3","489,3","489,3","494,8","489,3","489,3","489,3","489,3","489,3","494,8","494,8","489,3","489,3","489,3","489,3","489,3","489,3","489,3","489,3","489,3","489,3","489,3","489,3","489,3","489,3","489,3","489,3","489,3","489,3","489,3","489,3","489,3","489,3","489,3","489,3","489,3","489,3","489,3","489,3","489,3","489,3"
3108,Písek,31,54337,3. 10. 2026,26. 9. 2026,"379,1","379,1","377,3","1,8",100,97,89,90,84,81,81,80,80,80,83,81,80,78,79,78,77,78,78,77,80,79,78,77,77,77,77,76,76,76,76,76,76,76,76,76,76,76,76,76,76,76,76,76,76,77,77,76,77,77,76,76,"495,1","480,3","439,8","447,2","414,1","401,2","401,2","393,8","393,8","393,8","410,4","403,0","395,7","386,5","390,2","388,3","382,8","386,5","388,3","382,8","395,7","390,2","384,6","379,1","379,1","382,8","379,1","377,3","377,3","377,3","377,3","377,3","377,3","377,3","377,3","377,3","377,3","377,3","377,3","377,3","377,3","377,3","377,3","377,3","377,3","381,0","381,0","377,3","379,1","379,1","377,3","377,3","377,3","377,3","379,1","379,1","379,1","379,1","379,1"
3109,Prachatice,31,33973,3. 10. 2026,26. 9. 2026,"444,5","444,5","444,5","0,0",92,97,92,100,93,95,92,91,90,91,91,89,90,89,89,90,89,88,87,87,88,87,88,88,88,88,88,87,87,87,87,87,87,87,87,87,87,87,87,87,87,87,87,88,87,87,87,87,87,87,87,87,"471,0","491,6","471,0","509,2","473,9","482,7","468,0","465,1","459,2","462,1","465,1","453,3","456,2","453,3","453,3","459,2","453,3","447,4","444,5","444,5","447,4","444,5","450,4","447,4","447,4","447,4","447,4","444,5","444,5","444,5","444,5","444,5","444,5","444,5","444,5","444,5","444,5","444,5","444,5","444,5","444,5","444,5","444,5","447,4","444,5","444,5","444,5","444,5","444,5","444,5","444,5","444,5","444,5","444,5","444,5","444,5","444,5","444,5","444,5"
3110,Soběslav,31,22423,3. 10. 2026,26. 9. 2026,"575,3","575,3","575,3","0,0",100,100,94,96,93,93,94,92,92,94,97,92,91,92,91,89,89,90,90,90,90,90,90,90,90,90,90,90,90,90,90,90,89,89,89,89,89,89,89,89,89,89,89,89,89,89,89,89,89,89,90,89,"646,7","646,7","611,0","619,9","602,1","602,1","611,0","597,6","593,1","611,0","624,4","597,6","588,7","593,1","588,7","575,3","575,3","579,8","584,2","584,2","579,8","579,8","579,8","584,2","584,2","584,2","579,8","579,8","579,8","579,8","579,8","579,8","575,3","575,3","575,3","575,3","575,3","575,3","575,3","575,3","575,3","575,3","575,3","575,3","575,3","575,3","575,3","575,3","575,3","575,3","579,8","575,3","575,3","575,3","575,3","575,3","575,3","575,3","575,3"
3111,Strakonice,31,45297,3. 10. 2026,26. 9. 2026,"611,5","611,5","615,9","-4,4",100,99,92,93,90,89,90,88,89,91,91,92,89,87,88,87,86,87,86,86,87,86,86,86,86,86,86,86,86,86,86,86,86,86,86,86,86,86,86,86,86,86,86,86,86,86,86,86,86,86,86,87,"710,9","702,0","653,5","662,3","642,4","633,6","638,0","624,8","635,8","646,8","646,8","651,3","629,2","618,1","624,8","618,1","613,7","615,9","611,5","609,3","615,9","611,5","611,5","611,5","609,3","613,7","609,3","609,3","611,5","609,3","609,3","609,3","609,3","609,3","609,3","609,3","609,3","609,3","609,3","609,3","609,3","609,3","609,3","609,3","609,3","609,3","609,3","609,3","609,3","609,3","611,5","615,9","613,7","613,7","613,7","613,7","611,5","611,5","611,5"
3112,Tábor,31,81475,3. 10. 2026,26. 9. 2026,"508,1","508,1","508,1","0,0",97,100,100,99,95,96,95,94,94,95,95,94,93,91,91,91,90,91,90,89,89,88,88,88,88,87,87,87,87,87,87,87,87,87,87,87,87,87,87,87,87,87,87,87,87,87,87,87,87,87,87,87,"562,1","580,5","581,8","578,1","553,5","557,2","553,5","547,4","548,6","551,1","553,5","546,2","538,8","530,2","529,0","526,5","524,1","527,8","522,9","519,2","515,5","514,3","514,3","510,6","510,6","506,9","506,9","506,9","506,9","506,9","506,9","506,9","506,9","506,9","506,9","506,9","506,9","506,9","506,9","506,9","506,9","506,9","506,9","506,9","506,9","508,1","506,9","506,9","506,9","506,9","506,9","508,1","508,1","508,1","508,1","508,1","508,1","508,1","508,1"
3113,Trhové Sviny,31,19580,3. 10. 2026,26. 9. 2026,"490,3","490,3","490,3","0,0",100,100,98,96,94,94,94,93,93,96,94,92,92,94,94,94,93,93,92,94,92,93,92,92,92,92,92,92,92,92,92,92,92,92,92,92,92,92,92,92,92,92,92,92,92,92,92,92,92,92,92,92,"531,2","531,2","520,9","510,7","500,5","500,5","500,5","495,4","495,4","510,7","500,5","490,3","490,3","500,5","500,5","500,5","495,4","495,4","490,3","500,5","490,3","495,4","490,3","490,3","490,3","490,3","490,3","490,3","490,3","490,3","490,3","490,3","490,3","490,3","490,3","490,3","490,3","490,3","490,3","490,3","490,3","490,3","490,3","490,3","490,3","490,3","490,3","490,3","490,3","490,3","490,3","490,3","490,3","490,3","490,3","490,3","490,3","490,3","490,3"
3114,Třeboň,31,24984,3. 10. 2026,26. 9. 2026,"504,3","504,3","504,3","0,0",95,99,100,99,97,99,91,90,91,93,94,92,89,91,89,90,88,89,87,88,87,87,88,87,88,87,87,88,88,87,87,87,87,87,87,87,87,87,87,88,88,87,87,87,87,87,87,87,87,87,87,87,"552,4","572,4","580,4","576,4","564,4","572,4","528,3","520,3","528,3","540,3","548,4","536,3","516,3","528,3","516,3","524,3","512,3","516,3","504,3","508,3","504,3","504,3","508,3","504,3","512,3","504,3","504,3","508,3","508,3","504,3","504,3","504,3","504,3","504,3","504,3","504,3","504,3","504,3","504,3","508,3","508,3","504,3","504,3","504,3","504,3","504,3","504,3","504,3","504,3","504,3","504,3","504,3","504,3","504,3","504,3","504,3","504,3","504,3","504,3"
3115,Týn nad Vltavou,31,14068,3. 10. 2026,26. 9. 2026,"312,8","312,8","312,8","0,0",93,100,97,93,85,88,88,83,83,81,78,78,75,73,75,75,78,73,73,73,73,76,75,75,75,73,73,73,73,73,73,73,73,73,73,73,73,73,73,73,73,73,73,73,73,73,73,73,73,73,73,75,"391,0","419,4","405,2","391,0","355,4","369,6","369,6","348,3","348,3","341,2","327,0","327,0","312,8","305,7","312,8","312,8","327,0","305,7","305,7","305,7","305,7","319,9","312,8","312,8","312,8","305,7","305,7","305,7","305,7","305,7","305,7","305,7","305,7","305,7","305,7","305,7","305,7","305,7","305,7","305,7","305,7","305,7","305,7","305,7","305,7","305,7","305,7","305,7","305,7","305,7","305,7","312,8","312,8","312,8","312,8","312,8","319,9","312,8","312,8"
3116,Vimperk,31,17471,3. 10. 2026,26. 9. 2026,"543,8","543,8","543,8","0,0",93,96,97,100,94,90,88,87,86,86,84,86,85,83,83,82,82,82,81,82,83,82,82,82,82,82,82,83,83,82,82,82,82,82,82,82,82,82,82,82,82,82,82,82,82,82,82,82,83,82,83,85,"595,3","618,2","623,9","641,1","601,0","578,1","566,7","555,2","549,5","549,5","538,0","549,5","543,8","532,3","532,3","526,6","526,6","526,6","520,9","526,6","532,3","526,6","526,6","526,6","526,6","526,6","526,6","532,3","532,3","526,6","526,6","526,6","526,6","526,6","526,6","526,6","526,6","526,6","526,6","526,6","526,6","526,6","526,6","526,6","526,6","526,6","526,6","526,6","532,3","526,6","532,3","543,8","543,8","543,8","549,5","549,5","543,8","549,5","543,8"
3117,Vodňany,31,12589,3. 10. 2026,26. 9. 2026,"381,3","381,3","381,3","0,0",92,86,86,90,83,79,86,79,76,81,90,100,89,78,83,78,83,81,78,76,78,79,78,76,76,76,76,76,76,76,76,78,78,76,76,76,76,76,76,76,76,76,76,76,76,76,76,76,76,76,76,76,"460,7","428,9","428,9","452,8","413,1","397,2","428,9","397,2","381,3","405,1","452,8","500,4","444,8","389,2","413,1","389,2","413,1","405,1","389,2","381,3","389,2","397,2","389,2","381,3","381,3","381,3","381,3","381,3","381,3","381,3","381,3","389,2","389,2","381,3","381,3","381,3","381,3","381,3","381,3","381,3","381,3","381,3","381,3","381,3","381,3","381,3","381,3","381,3","381,3","381,3","381,3","381,3","381,3","381,3","381,3","381,3","381,3","381,3","381,3"
3201,Blovice,32,12463,3. 10. 2026,26. 9. 2026,"641,9","641,9","641,9","0,0",99,99,100,92,89,93,92,91,89,90,93,97,89,89,89,88,90,89,89,89,89,88,88,88,88,89,90,88,88,88,88,88,88,88,88,88,88,88,88,88,88,88,88,88,88,88,88,88,88,88,88,89,"714,1","714,1","722,1","666,0","641,9","674,0","666,0","657,9","641,9","649,9","674,0","698,1","641,9","641,9","641,9","633,9","649,9","641,9","641,9","641,9","641,9","633,9","633,9","633,9","633,9","641,9","649,9","633,9","633,9","633,9","633,9","633,9","633,9","633,9","633,9","633,9","633,9","633,9","633,9","633,9","633,9","633,9","633,9","633,9","633,9","633,9","633,9","633,9","633,9","633,9","633,9","641,9","641,9","641,9","641,9","641,9","641,9","641,9","641,9"
3202,Domažlice,32,40681,3. 10. 2026,26. 9. 2026,"432,6","432,6","432,6","0,0",99,100,95,95,87,86,90,90,86,90,88,84,82,82,87,86,85,83,82,81,79,80,80,80,80,80,80,79,79,79,80,79,79,79,79,80,80,80,80,80,80,80,80,80,80,80,80,80,80,80,80,80,"533,4","540,8","513,8","511,3","472,0","467,0","489,2","486,7","464,6","484,3","476,9","454,8","442,5","444,9","469,5","464,6","462,1","449,8","444,9","437,6","427,7","432,6","432,6","430,2","430,2","430,2","430,2","427,7","427,7","427,7","430,2","427,7","427,7","427,7","427,7","430,2","430,2","430,2","430,2","430,2","430,2","430,2","430,2","430,2","430,2","430,2","430,2","432,6","432,6","432,6","430,2","432,6","432,6","432,6","432,6","435,1","432,6","432,6","432,6"
3203,Horažďovice,32,11522,3. 10. 2026,26. 9. 2026,"650,9","650,9","650,9","0,0",97,100,97,94,89,85,86,89,89,90,87,89,87,86,87,89,85,85,87,86,87,85,85,85,86,85,85,85,87,86,85,85,85,85,85,85,85,85,85,85,85,85,85,85,85,85,85,85,85,86,85,86,"729,0","755,1","729,0","711,7","668,3","642,2","650,9","668,3","668,3","677,0","659,6","668,3","659,6","650,9","659,6","668,3","642,2","642,2","659,6","650,9","659,6","642,2","642,2","642,2","650,9","642,2","642,2","642,2","659,6","650,9","642,2","642,2","642,2","642,2","642,2","642,2","642,2","642,2","642,2","642,2","642,2","642,2","642,2","642,2","642,2","642,2","642,2","642,2","642,2","650,9","642,2","650,9","650,9","650,9","659,6","659,6","659,6","650,9","650,9"
3204,Horšovský Týn,32,15115,3. 10. 2026,26. 9. 2026,"324,2","324,2","324,2","0,0",88,100,95,92,90,88,90,85,90,93,86,88,83,85,85,86,85,86,85,85,85,85,83,83,83,83,83,83,85,81,81,81,81,81,81,81,81,81,81,81,81,81,81,81,83,83,83,83,83,83,83,83,"344,0","390,3","370,5","357,3","350,6","344,0","350,6","330,8","350,6","363,9","337,4","344,0","324,2","330,8","330,8","337,4","330,8","337,4","330,8","330,8","330,8","330,8","324,2","324,2","324,2","324,2","324,2","324,2","330,8","317,6","317,6","317,6","317,6","317,6","317,6","317,6","317,6","317,6","317,6","317,6","317,6","317,6","317,6","317,6","324,2","324,2","324,2","324,2","324,2","324,2","324,2","324,2","324,2","324,2","324,2","324,2","324,2","324,2","324,2"
3205,Klatovy,32,51410,3. 10. 2026,26. 9. 2026,"478,5","478,5","484,3","-5,8",100,99,92,92,94,91,89,88,87,89,87,87,85,86,87,85,85,86,85,85,84,84,84,84,84,84,84,84,84,84,84,84,84,84,84,84,84,84,84,84,84,84,84,84,84,84,84,84,84,84,84,85,"568,0","562,1","523,2","523,2","534,9","517,4","507,7","501,8","496,0","505,7","494,1","492,1","484,3","486,3","494,1","482,4","482,4","486,3","484,3","480,5","478,5","476,6","474,6","476,6","476,6","474,6","474,6","474,6","474,6","476,6","474,6","474,6","474,6","476,6","476,6","474,6","474,6","474,6","476,6","476,6","474,6","474,6","474,6","474,6","474,6","474,6","474,6","476,6","474,6","474,6","478,5","484,3","484,3","482,4","482,4","484,3","484,3","478,5","478,5"
3206,Kralovice,32,23015,3. 10. 2026,26. 9. 2026,"356,3","356,3","356,3","0,0",95,100,98,88,79,81,82,81,79,85,85,79,79,79,79,79,79,77,78,77,77,77,77,78,77,77,77,77,77,77,77,77,77,77,77,77,77,77,77,77,77,77,77,77,77,77,77,77,77,77,77,77,"443,2","464,9","456,2","408,4","365,0","378,0","382,4","378,0","369,3","395,4","395,4","369,3","365,0","365,0","365,0","365,0","369,3","356,3","360,6","356,3","356,3","356,3","356,3","360,6","356,3","356,3","356,3","356,3","356,3","356,3","356,3","356,3","356,3","356,3","356,3","356,3","356,3","356,3","356,3","356,3","356,3","356,3","356,3","356,3","356,3","356,3","356,3","356,3","356,3","356,3","356,3","356,3","356,3","356,3","356,3","356,3","356,3","356,3","356,3"
3207,Nepomuk,32,11279,3. 10. 2026,26. 9. 2026,"469,9","469,9","469,9","0,0",95,95,100,92,98,100,93,95,93,90,92,93,90,90,92,92,90,90,90,92,90,90,90,90,90,90,90,90,90,90,90,90,90,90,90,90,90,90,90,90,90,90,90,90,90,90,90,92,90,90,90,90,"496,5","496,5","523,1","478,8","514,2","523,1","487,6","496,5","487,6","469,9","478,8","487,6","469,9","469,9","478,8","478,8","469,9","469,9","469,9","478,8","469,9","469,9","469,9","469,9","469,9","469,9","469,9","469,9","469,9","469,9","469,9","469,9","469,9","469,9","469,9","469,9","469,9","469,9","469,9","469,9","469,9","469,9","469,9","469,9","469,9","469,9","469,9","478,8","469,9","469,9","469,9","469,9","469,9","469,9","469,9","469,9","469,9","469,9","469,9"
3208,Nýřany,32,60054,3. 10. 2026,26. 9. 2026,"386,3","386,3","388,0","-1,7",97,100,95,96,91,90,90,89,91,92,90,91,91,88,88,88,88,88,87,87,88,88,88,88,87,87,88,87,87,87,87,87,87,87,87,87,87,87,87,87,87,88,87,87,88,88,87,87,87,87,87,88,"427,9","442,9","419,6","424,6","403,0","398,0","398,0","393,0","403,0","409,6","398,0","404,6","401,3","388,0","388,0","391,3","388,0","389,6","386,3","386,3","388,0","388,0","388,0","388,0","386,3","386,3","389,6","386,3","386,3","386,3","386,3","386,3","386,3","386,3","386,3","386,3","386,3","386,3","386,3","386,3","386,3","388,0","386,3","386,3","388,0","388,0","386,3","386,3","386,3","386,3","386,3","388,0","388,0","388,0","388,0","388,0","388,0","386,3","386,3"
3209,Plzeň,32,201517,3. 10. 2026,26. 9. 2026,"346,4","346,4","345,9","0,5",98,100,93,93,88,89,87,86,88,86,88,87,86,85,85,85,85,85,84,84,84,84,84,84,84,84,84,84,84,84,84,84,83,83,83,83,84,83,84,83,83,84,83,84,84,84,84,83,84,84,84,84,"404,9","412,9","385,1","382,6","362,3","365,7","359,3","356,8","363,2","356,8","364,2","358,3","354,3","349,8","352,3","351,8","349,8","350,3","346,9","345,4","346,4","347,4","345,4","345,9","345,4","345,9","345,4","345,4","345,4","344,9","345,4","344,9","344,4","344,4","344,4","344,4","344,9","344,4","344,9","344,4","344,4","344,9","344,4","345,9","345,9","344,9","344,9","344,4","344,9","345,9","347,9","345,9","345,9","345,4","345,9","346,4","347,4","346,9","346,4"
3210,Přeštice,32,23046,3. 10. 2026,26. 9. 2026,"394,9","394,9","394,9","0,0",100,100,100,100,95,95,94,91,92,91,93,90,91,90,91,89,89,89,90,89,89,89,90,89,89,89,89,89,89,89,89,89,89,89,89,89,89,89,89,89,89,89,89,89,89,89,89,89,89,89,89,89,"442,6","442,6","442,6","442,6","420,9","420,9","416,6","403,5","407,9","403,5","412,2","399,2","403,5","399,2","403,5","394,9","394,9","394,9","399,2","394,9","394,9","394,9","399,2","394,9","394,9","394,9","394,9","394,9","394,9","394,9","394,9","394,9","394,9","394,9","394,9","394,9","394,9","394,9","394,9","394,9","394,9","394,9","394,9","394,9","394,9","394,9","394,9","394,9","394,9","394,9","394,9","394,9","394,9","394,9","394,9","394,9","394,9","394,9","394,9"
3211,Rokycany,32,50258,3. 10. 2026,26. 9. 2026,"563,1","563,1","563,1","0,0",100,94,92,92,91,92,91,90,90,92,89,89,89,87,87,87,87,88,88,87,87,87,87,87,86,87,87,86,87,87,87,87,87,87,86,86,86,86,86,86,86,86,86,86,86,86,86,86,86,86,86,87,"650,6","610,8","596,9","598,9","589,0","598,9","591,0","587,0","583,0","598,9","581,0","579,0","581,0","565,1","565,1","565,1","565,1","571,1","573,0","565,1","563,1","563,1","563,1","565,1","561,1","563,1","565,1","561,1","563,1","565,1","563,1","563,1","563,1","563,1","561,1","561,1","561,1","561,1","561,1","561,1","561,1","561,1","561,1","561,1","561,1","561,1","561,1","561,1","561,1","561,1","561,1","563,1","563,1","563,1","563,1","565,1","563,1","563,1","563,1"
3212,Stod,32,24201,3. 10. 2026,26. 9. 2026,"392,5","392,5","392,5","0,0",99,100,97,99,93,93,94,92,94,92,90,90,90,92,91,93,92,93,93,93,92,92,91,91,91,90,90,90,90,90,90,90,90,90,90,90,90,90,90,90,90,90,90,90,90,90,90,90,90,90,90,90,"433,9","438,0","425,6","433,9","409,1","409,1","413,2","404,9","413,2","404,9","392,5","392,5","392,5","400,8","396,7","409,1","404,9","409,1","409,1","409,1","404,9","404,9","396,7","396,7","396,7","392,5","392,5","392,5","392,5","392,5","392,5","392,5","392,5","392,5","392,5","392,5","392,5","392,5","392,5","392,5","392,5","392,5","392,5","392,5","392,5","392,5","392,5","392,5","392,5","392,5","392,5","392,5","392,5","392,5","392,5","392,5","392,5","392,5","392,5"
3213,Stříbro,32,17656,3. 10. 2026,26. 9. 2026,"413,5","413,5","413,5","0,0",92,100,100,96,91,91,92,94,94,95,94,94,91,94,92,91,91,94,94,91,91,91,91,91,91,91,91,91,91,91,91,91,91,91,91,91,91,91,91,91,91,91,91,91,91,91,91,91,91,91,91,91,"419,1","453,1","453,1","436,1","413,5","413,5","419,1","424,8","424,8","430,4","424,8","424,8","413,5","424,8","419,1","413,5","413,5","424,8","424,8","413,5","413,5","413,5","413,5","413,5","413,5","413,5","413,5","413,5","413,5","413,5","413,5","413,5","413,5","413,5","413,5","413,5","413,5","413,5","413,5","413,5","413,5","413,5","413,5","413,5","413,5","413,5","413,5","413,5","413,5","413,5","413,5","413,5","413,5","413,5","413,5","413,5","413,5","413,5","413,5"
3214,Sušice,32,23921,3. 10. 2026,26. 9. 2026,"560,2","560,2","564,4","-4,2",99,99,96,100,98,97,97,96,96,95,96,98,94,94,94,93,94,94,95,94,94,92,93,94,92,92,92,92,92,92,92,92,92,92,92,92,92,92,92,92,92,92,93,93,92,92,92,92,92,92,94,93,"602,0","602,0","581,1","606,2","593,6","585,3","589,4","581,1","581,1","576,9","581,1","593,6","572,7","572,7","568,5","564,4","568,5","572,7","576,9","568,5","572,7","560,2","564,4","568,5","560,2","560,2","560,2","560,2","560,2","560,2","560,2","560,2","560,2","560,2","560,2","560,2","560,2","560,2","560,2","560,2","560,2","560,2","564,4","564,4","560,2","560,2","560,2","560,2","560,2","560,2","568,5","564,4","560,2","560,2","560,2","560,2","560,2","560,2","560,2"
3215,Tachov,32,39250,3. 10. 2026,26. 9. 2026,"547,8","547,8","547,8","0,0",97,98,100,99,97,95,96,94,94,97,95,95,94,94,93,95,94,95,94,94,94,94,94,94,94,93,93,93,93,93,93,93,93,93,93,93,93,93,93,93,93,93,93,93,93,94,93,93,93,93,93,93,"573,2","578,3","588,5","583,4","568,2","558,0","563,1","552,9","555,4","568,2","560,5","558,0","555,4","552,9","547,8","560,5","555,4","558,0","555,4","552,9","550,3","550,3","552,9","555,4","552,9","547,8","547,8","547,8","547,8","547,8","547,8","547,8","547,8","547,8","547,8","547,8","547,8","547,8","547,8","547,8","547,8","547,8","547,8","547,8","547,8","550,3","547,8","547,8","547,8","547,8","547,8","547,8","547,8","547,8","547,8","547,8","547,8","547,8","547,8"
4101,Aš,41,17265,3. 10. 2026,26. 9. 2026,"718,2","718,2","718,2","0,0",98,98,97,96,95,96,100,98,98,97,97,97,98,96,97,96,97,97,96,96,96,96,96,96,96,96,96,96,96,96,96,96,96,96,96,96,96,96,96,96,96,96,96,96,96,96,96,96,96,96,96,96,"729,8","735,6","724,0","718,2","712,4","718,2","747,2","735,6","735,6","724,0","724,0","724,0","729,8","718,2","724,0","718,2","724,0","724,0","718,2","718,2","718,2","718,2","718,2","718,2","718,2","718,2","718,2","718,2","718,2","718,2","718,2","718,2","718,2","718,2","718,2","718,2","718,2","718,2","718,2","718,2","718,2","718,2","718,2","718,2","718,2","718,2","718,2","718,2","718,2","718,2","718,2","718,2","718,2","718,2","718,2","718,2","718,2","718,2","718,2"
4102,Cheb,41,50190,3. 10. 2026,26. 9. 2026,"693,4","693,4","691,4","2,0",98,99,99,98,97,98,98,98,100,100,99,99,98,98,98,97,97,97,97,97,97,97,97,97,96,96,96,96,96,96,96,96,96,96,96,96,96,96,96,96,96,96,96,96,96,96,96,96,96,96,96,96,"701,3","707,3","707,3","705,3","695,4","699,3","703,3","699,3","717,3","717,3","707,3","709,3","705,3","699,3","699,3","697,4","695,4","697,4","697,4","693,4","693,4","693,4","693,4","693,4","689,4","689,4","689,4","689,4","689,4","689,4","689,4","689,4","689,4","689,4","689,4","689,4","689,4","689,4","689,4","689,4","689,4","689,4","689,4","689,4","689,4","689,4","689,4","689,4","689,4","689,4","691,4","691,4","691,4","691,4","691,4","691,4","691,4","693,4","693,4"
4103,Karlovy Vary,41,88206,3. 10. 2026,26. 9. 2026,"520,4","520,4","520,4","0,0",96,100,95,96,95,93,94,93,92,95,96,95,92,92,93,93,92,91,91,91,91,90,90,91,90,90,90,90,90,90,90,90,90,90,90,90,90,90,90,90,90,90,90,90,90,90,90,90,90,90,91,91,"551,0","572,5","545,3","549,8","545,3","535,1","537,4","534,0","528,3","541,9","548,7","541,9","529,4","524,9","531,7","530,6","527,2","521,5","520,4","522,6","520,4","518,1","517,0","519,2","517,0","515,8","517,0","515,8","515,8","517,0","517,0","515,8","517,0","515,8","515,8","515,8","515,8","515,8","515,8","515,8","515,8","515,8","515,8","515,8","515,8","515,8","515,8","515,8","515,8","518,1","519,2","520,4","520,4","521,5","522,6","522,6","520,4","520,4","520,4"
4104,Kraslice,41,12832,3. 10. 2026,26. 9. 2026,"654,6","654,6","654,6","0,0",99,100,99,98,98,98,97,97,99,100,98,98,97,97,98,97,97,97,97,97,97,98,97,97,97,97,98,98,97,97,97,97,97,97,97,97,97,97,97,97,97,97,97,97,97,97,97,97,97,97,97,97,"670,2","678,0","670,2","662,4","662,4","662,4","654,6","654,6","670,2","678,0","662,4","662,4","654,6","654,6","662,4","654,6","654,6","654,6","654,6","654,6","654,6","662,4","654,6","654,6","654,6","654,6","662,4","662,4","654,6","654,6","654,6","654,6","654,6","654,6","654,6","654,6","654,6","654,6","654,6","654,6","654,6","654,6","654,6","654,6","654,6","654,6","654,6","654,6","654,6","654,6","654,6","654,6","654,6","654,6","654,6","654,6","654,6","654,6","654,6"
4105,Mariánské Lázně,41,25181,3. 10. 2026,26. 9. 2026,"647,3","647,3","647,3","0,0",97,100,99,97,98,97,96,97,96,97,95,95,95,95,95,95,95,95,95,95,95,95,95,95,95,95,95,95,95,95,95,95,95,95,95,95,95,95,95,95,95,95,95,95,95,95,95,95,95,95,95,95,"663,2","683,1","675,1","663,2","671,1","659,2","655,3","659,2","655,3","659,2","651,3","647,3","651,3","647,3","647,3","647,3","647,3","647,3","651,3","647,3","647,3","647,3","647,3","647,3","647,3","647,3","647,3","647,3","647,3","647,3","647,3","647,3","647,3","647,3","647,3","647,3","647,3","647,3","647,3","647,3","647,3","647,3","647,3","647,3","647,3","647,3","647,3","647,3","647,3","651,3","647,3","647,3","647,3","647,3","647,3","647,3","647,3","647,3","647,3"
4106,Ostrov,41,26789,3. 10. 2026,26. 9. 2026,"462,9","462,9","466,6","-3,7",69,71,57,63,60,62,63,58,55,88,100,96,93,96,96,94,94,94,93,93,91,91,93,91,91,91,92,91,91,91,92,92,91,91,91,91,91,91,91,92,91,91,91,91,91,91,91,91,92,91,93,92,"350,9","362,1","287,4","321,0","302,4","317,3","321,0","294,9","280,0","447,9","507,7","485,3","474,1","485,3","489,0","477,8","477,8","477,8","474,1","474,1","462,9","462,9","470,3","462,9","462,9","462,9","466,6","462,9","462,9","462,9","466,6","466,6","462,9","462,9","462,9","462,9","462,9","462,9","462,9","466,6","462,9","462,9","462,9","462,9","462,9","462,9","462,9","462,9","466,6","462,9","470,3","466,6","466,6","466,6","466,6","466,6","462,9","462,9","462,9"
4107,Sokolov,41,73132,3. 10. 2026,26. 9. 2026,"572,9","572,9","572,9","0,0",100,100,98,97,97,98,96,95,96,96,97,97,95,96,95,96,96,96,95,95,95,95,95,95,95,95,95,95,95,95,95,95,95,95,95,95,95,95,95,95,95,95,95,95,95,95,95,95,95,95,95,95,"604,4","601,7","594,8","583,9","588,0","592,1","579,8","577,0","578,4","579,8","588,0","583,9","577,0","579,8","577,0","578,4","579,8","579,8","577,0","577,0","574,3","575,7","574,3","574,3","575,7","572,9","572,9","572,9","572,9","572,9","571,6","571,6","571,6","571,6","571,6","571,6","571,6","571,6","571,6","571,6","571,6","571,6","571,6","571,6","571,6","571,6","571,6","571,6","572,9","572,9","571,6","572,9","572,9","572,9","572,9","572,9","572,9","572,9","572,9"
4201,Bílina,42,19626,3. 10. 2026,26. 9. 2026,"433,1","433,1","433,1","0,0",99,100,99,98,97,97,98,99,97,94,97,94,97,94,94,94,94,96,94,94,94,94,94,94,94,96,96,94,94,94,94,94,94,94,94,94,94,94,94,94,94,94,94,94,94,94,94,94,94,94,94,94,"453,5","458,6","453,5","448,4","443,3","443,3","448,4","453,5","443,3","433,1","443,3","433,1","443,3","433,1","433,1","433,1","433,1","438,2","433,1","433,1","433,1","433,1","433,1","433,1","433,1","438,2","438,2","433,1","433,1","433,1","433,1","433,1","433,1","433,1","433,1","433,1","433,1","433,1","433,1","433,1","433,1","433,1","433,1","433,1","433,1","433,1","433,1","433,1","433,1","433,1","433,1","433,1","433,1","433,1","433,1","433,1","433,1","433,1","433,1"
4202,Děčín,42,75342,3. 10. 2026,26. 9. 2026,"472,5","472,5","475,2","-2,7",97,100,96,96,93,93,94,93,92,91,92,93,93,92,93,92,92,92,91,91,91,91,91,91,91,91,90,90,91,91,90,90,90,90,91,90,91,91,91,91,91,91,91,91,91,91,90,90,90,90,90,91,"505,7","520,3","501,7","499,1","484,5","483,1","487,1","483,1","480,5","475,2","480,5","484,5","481,8","479,1","484,5","479,1","476,5","477,8","475,2","472,5","473,8","472,5","471,2","471,2","471,2","471,2","469,9","469,9","471,2","471,2","469,9","469,9","469,9","469,9","471,2","469,9","471,2","472,5","472,5","472,5","472,5","472,5","472,5","472,5","471,2","471,2","469,9","469,9","469,9","469,9","469,9","475,2","475,2","475,2","475,2","473,8","472,5","472,5","472,5"
4203,Chomutov,42,80665,3. 10. 2026,26. 9. 2026,"437,6","437,6","436,4","1,2",100,97,89,93,89,89,87,86,85,85,85,86,84,84,83,84,84,82,82,82,83,82,82,82,82,83,82,82,82,82,82,82,82,82,82,82,82,82,82,82,82,82,82,82,82,82,82,82,82,82,83,83,"526,9","512,0","468,6","490,9","471,1","468,6","457,4","451,2","446,3","450,0","447,5","455,0","445,1","440,1","437,6","441,3","442,6","432,7","433,9","433,9","436,4","432,7","433,9","431,4","433,9","436,4","433,9","431,4","431,4","433,9","431,4","431,4","431,4","431,4","431,4","431,4","431,4","431,4","431,4","431,4","431,4","431,4","432,7","432,7","431,4","431,4","431,4","432,7","432,7","433,9","436,4","436,4","436,4","433,9","436,4","436,4","435,1","437,6","437,6"
4204,Kadaň,42,43370,3. 10. 2026,26. 9. 2026,"479,6","479,6","475,0","4,6",100,99,97,95,92,94,94,92,90,92,94,94,90,92,91,88,89,91,89,90,90,89,89,89,90,89,90,88,88,88,88,88,88,88,88,89,88,88,88,88,88,88,88,88,88,88,88,88,88,88,89,88,"537,2","530,3","518,8","509,6","493,4","507,3","507,3","493,4","484,2","495,7","502,7","502,7","484,2","493,4","486,5","475,0","479,6","491,1","479,6","481,9","481,9","477,3","477,3","479,6","481,9","477,3","481,9","475,0","475,0","475,0","475,0","475,0","475,0","475,0","475,0","479,6","475,0","475,0","475,0","475,0","475,0","475,0","475,0","472,7","472,7","472,7","472,7","472,7","472,7","472,7","477,3","475,0","475,0","475,0","479,6","479,6","479,6","479,6","479,6"
4205,Litoměřice,42,58580,3. 10. 2026,26. 9. 2026,"450,7","450,7","450,7","0,0",100,100,94,93,90,89,88,88,87,88,88,88,87,87,87,87,86,86,87,87,87,87,86,86,87,87,87,86,87,87,86,86,86,86,86,86,86,86,86,86,86,86,86,86,86,86,86,86,86,86,87,86,"522,4","520,7","489,9","486,5","467,7","462,6","460,9","459,2","454,1","459,2","459,2","460,9","452,4","452,4","454,1","454,1","450,7","450,7","455,8","452,4","454,1","452,4","450,7","450,7","452,4","455,8","454,1","450,7","452,4","452,4","450,7","450,7","450,7","450,7","450,7","450,7","450,7","450,7","450,7","450,7","450,7","450,7","450,7","450,7","450,7","450,7","450,7","450,7","450,7","450,7","452,4","450,7","450,7","450,7","450,7","450,7","450,7","450,7","450,7"
4206,Litvínov,42,35946,3. 10. 2026,26. 9. 2026,"489,6","489,6","489,6","0,0",99,100,97,98,97,96,98,96,97,98,97,95,95,95,94,95,95,94,94,94,94,94,95,94,94,94,94,94,94,94,94,94,94,94,94,94,94,94,94,94,94,94,94,94,95,94,94,94,94,94,95,95,"514,7","517,4","503,5","509,1","503,5","498,0","506,3","498,0","500,8","506,3","503,5","492,4","489,6","489,6","486,8","489,6","489,6","486,8","486,8","486,8","486,8","486,8","489,6","486,8","486,8","486,8","486,8","486,8","486,8","486,8","486,8","486,8","486,8","486,8","486,8","486,8","486,8","486,8","486,8","486,8","486,8","486,8","486,8","486,8","489,6","486,8","486,8","486,8","486,8","486,8","489,6","489,6","489,6","489,6","489,6","489,6","492,4","489,6","489,6"
4207,Louny,42,43556,3. 10. 2026,26. 9. 2026,"436,2","436,2","433,9","2,3",100,98,93,95,92,92,92,91,91,90,89,91,90,90,89,89,90,90,90,90,90,90,90,90,89,89,89,89,89,89,89,89,89,89,89,89,89,89,89,89,89,89,89,89,89,89,89,89,89,89,89,89,"489,0","479,8","456,9","466,1","452,3","452,3","450,0","443,1","443,1","440,8","436,2","443,1","440,8","440,8","436,2","436,2","438,5","438,5","440,8","438,5","438,5","438,5","438,5","438,5","436,2","433,9","433,9","433,9","433,9","433,9","433,9","433,9","433,9","433,9","433,9","433,9","433,9","433,9","433,9","433,9","433,9","433,9","433,9","433,9","433,9","433,9","433,9","436,2","433,9","433,9","433,9","433,9","433,9","433,9","433,9","433,9","433,9","436,2","436,2"
4208,Lovosice,42,27626,3. 10. 2026,26. 9. 2026,"445,2","445,2","448,9","-3,6",92,100,92,88,86,88,87,85,84,87,88,87,87,85,84,85,86,84,86,85,86,84,84,84,84,84,84,84,84,84,84,84,84,84,84,84,84,84,84,84,84,84,84,84,84,84,84,84,84,84,84,85,"488,7","528,5","488,7","467,0","456,1","463,3","459,7","448,9","445,2","459,7","463,3","459,7","459,7","448,9","445,2","448,9","452,5","445,2","452,5","448,9","452,5","445,2","445,2","445,2","445,2","445,2","445,2","445,2","445,2","445,2","445,2","445,2","445,2","445,2","445,2","445,2","445,2","445,2","445,2","445,2","445,2","445,2","445,2","445,2","445,2","445,2","445,2","445,2","445,2","445,2","445,2","448,9","448,9","448,9","448,9","448,9","445,2","445,2","445,2"
4209,Most,42,72170,3. 10. 2026,26. 9. 2026,"508,5","508,5","509,9","-1,4",99,100,96,96,95,94,94,93,93,95,94,93,92,92,92,92,92,92,91,91,92,91,91,91,91,91,91,91,91,91,91,91,91,91,91,91,91,91,91,91,91,91,91,91,91,91,91,91,91,91,92,92,"548,7","557,0","532,1","536,2","527,9","525,1","522,4","516,8","519,6","529,3","523,8","516,8","512,7","511,3","509,9","511,3","514,1","512,7","508,5","508,5","509,9","507,1","507,1","507,1","508,5","508,5","508,5","507,1","507,1","507,1","507,1","507,1","507,1","507,1","507,1","508,5","508,5","505,8","505,8","505,8","507,1","507,1","507,1","507,1","507,1","507,1","507,1","507,1","507,1","507,1","509,9","509,9","508,5","507,1","507,1","508,5","508,5","508,5","508,5"
4210,Podbořany,42,15712,3. 10. 2026,26. 9. 2026,"426,4","426,4","420,1","6,4",100,100,100,97,94,97,94,94,94,94,94,96,97,93,93,94,93,93,94,93,93,93,93,93,93,93,93,93,94,94,93,93,93,93,93,93,93,93,93,93,93,93,93,94,94,93,93,93,93,93,93,93,"451,9","451,9","451,9","439,2","426,4","439,2","426,4","426,4","426,4","426,4","426,4","432,8","439,2","420,1","420,1","426,4","420,1","420,1","426,4","420,1","420,1","420,1","420,1","420,1","420,1","420,1","420,1","420,1","426,4","426,4","420,1","420,1","420,1","420,1","420,1","420,1","420,1","420,1","420,1","420,1","420,1","420,1","420,1","426,4","426,4","420,1","420,1","420,1","420,1","420,1","420,1","420,1","420,1","420,1","426,4","426,4","426,4","426,4","426,4"
4211,Roudnice nad Labem,42,33151,3. 10. 2026,26. 9. 2026,"410,2","410,2","410,2","0,0",100,98,95,89,84,82,84,82,82,84,85,82,80,81,80,80,80,81,82,81,81,79,80,80,79,79,79,81,80,80,80,80,80,80,80,80,80,80,80,80,80,80,80,80,80,80,80,80,80,80,80,80,"512,8","503,8","488,7","458,5","431,4","422,3","431,4","419,3","422,3","431,4","434,4","422,3","410,2","416,3","410,2","410,2","410,2","416,3","422,3","416,3","413,3","407,2","410,2","410,2","407,2","407,2","407,2","413,3","410,2","410,2","410,2","410,2","410,2","410,2","410,2","410,2","410,2","410,2","410,2","410,2","410,2","410,2","410,2","410,2","410,2","410,2","410,2","410,2","410,2","410,2","410,2","410,2","410,2","410,2","410,2","410,2","410,2","410,2","410,2"
4212,Rumburk,42,32429,3. 10. 2026,26. 9. 2026,"515,0","515,0","515,0","0,0",97,99,99,99,99,99,98,99,98,98,99,99,98,98,98,100,100,98,98,98,98,98,98,98,98,98,98,98,98,98,98,98,98,98,98,98,98,98,98,98,98,98,98,98,98,98,98,98,98,98,98,98,"511,9","521,1","521,1","524,2","524,2","521,1","518,1","521,1","518,1","518,1","521,1","521,1","518,1","515,0","518,1","527,3","527,3","515,0","515,0","515,0","515,0","515,0","515,0","515,0","515,0","515,0","515,0","515,0","515,0","515,0","515,0","515,0","515,0","515,0","515,0","515,0","515,0","515,0","515,0","515,0","515,0","515,0","515,0","515,0","515,0","515,0","515,0","515,0","515,0","515,0","515,0","515,0","515,0","515,0","515,0","515,0","515,0","515,0","515,0"
4213,Teplice,42,108055,3. 10. 2026,26. 9. 2026,"387,8","387,8","389,6","-1,9",100,99,98,100,99,96,94,93,94,95,94,94,92,92,92,92,92,93,92,91,91,92,92,92,91,91,91,91,91,91,91,91,91,91,91,91,91,91,91,91,91,91,91,91,91,91,91,91,91,92,92,92,"423,9","419,2","417,4","424,8","421,1","408,1","400,7","394,2","398,9","404,4","400,7","399,8","391,5","391,5","391,5","391,5","392,4","394,2","392,4","387,8","387,8","390,5","389,6","388,7","387,8","387,8","386,8","386,8","386,8","386,8","386,8","386,8","386,8","386,8","387,8","386,8","386,8","386,8","386,8","386,8","386,8","387,8","386,8","386,8","386,8","386,8","386,8","387,8","387,8","388,7","391,5","389,6","389,6","389,6","389,6","389,6","389,6","388,7","387,8"
4214,Ústí nad Labem,42,118839,3. 10. 2026,26. 9. 2026,"391,3","391,3","391,3","0,0",98,100,95,93,89,88,87,85,85,86,86,86,84,85,87,83,82,82,85,83,85,83,83,83,83,83,83,83,83,83,83,83,83,83,83,83,83,83,83,83,83,83,83,83,83,83,83,83,83,83,84,84,"456,9","467,0","443,5","434,2","416,5","409,0","404,7","398,9","397,2","403,9","403,9","402,2","393,8","397,2","406,4","385,4","381,2","384,6","395,5","389,6","394,7","388,8","387,1","386,2","387,1","386,2","386,2","387,9","389,6","387,1","386,2","386,2","386,2","387,1","386,2","386,2","386,2","386,2","386,2","386,2","387,1","387,9","387,1","387,9","386,2","386,2","387,1","387,1","387,1","386,2","391,3","391,3","390,4","390,4","393,0","393,0","392,1","391,3","391,3"
4215,Varnsdorf,42,19498,3. 10. 2026,26. 9. 2026,"466,7","466,7","466,7","0,0",96,98,100,99,97,96,96,96,96,96,96,96,96,97,97,96,96,96,98,97,96,96,96,96,96,96,96,96,96,96,96,96,96,96,96,96,96,96,96,96,96,96,96,96,96,96,96,96,96,96,97,96,"466,7","477,0","487,2","482,1","471,8","466,7","466,7","466,7","466,7","466,7","466,7","466,7","466,7","471,8","471,8","466,7","466,7","466,7","477,0","471,8","466,7","466,7","466,7","466,7","466,7","466,7","466,7","466,7","466,7","466,7","466,7","466,7","466,7","466,7","466,7","466,7","466,7","466,7","466,7","466,7","466,7","466,7","466,7","466,7","466,7","466,7","466,7","466,7","466,7","466,7","471,8","466,7","466,7","466,7","466,7","466,7","466,7","466,7","466,7"
4216,Žatec,42,27772,3. 10. 2026,26. 9. 2026,"453,7","453,7","453,7","0,0",93,100,92,92,92,96,93,93,93,93,93,92,92,93,92,92,93,93,92,92,92,93,92,92,92,92,92,92,92,92,92,92,92,92,92,92,92,92,92,92,92,92,92,92,92,92,92,92,92,92,93,92,"460,9","493,3","453,7","453,7","453,7","471,7","457,3","457,3","457,3","460,9","460,9","453,7","453,7","460,9","453,7","453,7","460,9","457,3","453,7","453,7","453,7","457,3","453,7","453,7","453,7","453,7","453,7","453,7","453,7","453,7","453,7","453,7","453,7","453,7","453,7","453,7","453,7","453,7","453,7","453,7","453,7","453,7","453,7","453,7","453,7","453,7","453,7","453,7","453,7","453,7","457,3","453,7","453,7","453,7","453,7","453,7","453,7","453,7","453,7"
5101,Česká Lípa,51,76995,3. 10. 2026,26. 9. 2026,"424,7","424,7","424,7","0,0",100,98,98,93,91,90,93,90,91,91,90,90,90,91,91,90,91,91,90,90,90,90,90,89,90,89,89,89,89,89,89,89,89,89,89,89,90,90,90,89,89,89,89,90,89,89,90,89,89,90,90,90,"471,5","461,1","462,4","437,7","427,3","426,0","437,7","426,0","427,3","431,2","426,0","426,0","424,7","427,3","428,6","426,0","427,3","431,2","426,0","423,4","422,1","422,1","423,4","420,8","422,1","420,8","420,8","420,8","420,8","420,8","420,8","420,8","420,8","420,8","420,8","420,8","422,1","422,1","422,1","420,8","420,8","420,8","420,8","422,1","420,8","420,8","422,1","420,8","420,8","422,1","423,4","424,7","424,7","424,7","423,4","423,4","424,7","424,7","424,7"
5102,Frýdlant,51,24682,3. 10. 2026,26. 9. 2026,"324,1","324,1","316,0","8,1",90,100,87,93,88,82,82,79,82,84,82,82,80,79,83,82,83,83,79,78,80,79,77,77,77,77,77,77,77,77,77,77,78,77,77,77,77,77,77,77,77,77,77,77,77,77,77,79,77,78,78,77,"368,7","409,2","356,5","380,8","360,6","336,3","336,3","324,1","336,3","344,4","336,3","336,3","328,2","324,1","340,3","336,3","340,3","340,3","324,1","320,1","328,2","324,1","316,0","316,0","316,0","316,0","316,0","316,0","316,0","316,0","316,0","316,0","320,1","316,0","316,0","316,0","316,0","316,0","316,0","316,0","316,0","316,0","316,0","316,0","316,0","316,0","316,0","324,1","316,0","320,1","320,1","316,0","320,1","320,1","320,1","320,1","320,1","324,1","324,1"
5103,Jablonec nad Nisou,51,57541,3. 10. 2026,26. 9. 2026,"476,2","476,2","472,7","3,5",98,98,98,100,93,93,91,92,94,94,95,94,92,91,91,92,91,91,91,91,91,91,91,91,91,91,91,91,91,91,92,91,91,91,91,91,91,91,91,91,91,91,91,91,91,91,91,91,91,91,91,91,"510,9","510,9","509,2","521,4","486,6","484,9","474,4","477,9","488,3","490,1","497,0","488,3","477,9","474,4","476,2","477,9","472,7","472,7","472,7","476,2","472,7","474,4","472,7","474,4","472,7","472,7","472,7","474,4","476,2","476,2","477,9","476,2","476,2","476,2","476,2","474,4","472,7","472,7","472,7","472,7","472,7","472,7","472,7","472,7","472,7","472,7","472,7","472,7","472,7","474,4","476,2","472,7","472,7","472,7","472,7","472,7","472,7","476,2","476,2"
5104,Jilemnice,51,22078,3. 10. 2026,26. 9. 2026,"353,3","353,3","353,3","0,0",89,100,94,92,88,91,91,86,83,84,85,84,83,81,80,79,79,81,81,80,80,79,79,81,81,79,79,79,80,81,82,80,80,80,80,80,80,79,79,79,79,79,79,79,79,79,79,79,79,79,79,80,"394,1","443,9","416,7","407,6","389,5","403,1","403,1","380,5","366,9","371,4","375,9","371,4","366,9","357,8","353,3","348,8","348,8","357,8","357,8","353,3","353,3","348,8","348,8","357,8","357,8","348,8","348,8","348,8","353,3","357,8","362,4","353,3","353,3","353,3","353,3","353,3","353,3","348,8","348,8","348,8","348,8","348,8","348,8","348,8","348,8","348,8","348,8","348,8","348,8","348,8","348,8","353,3","353,3","353,3","353,3","353,3","353,3","353,3","353,3"
5105,Liberec,51,149554,3. 10. 2026,26. 9. 2026,"319,6","319,6","270,1","49,5",100,99,90,88,84,84,80,81,83,83,87,85,83,81,83,82,81,81,79,78,77,77,77,76,76,76,75,76,75,75,75,76,76,75,75,75,75,75,75,75,75,75,75,75,75,75,75,75,76,75,75,77,"349,0","346,4","313,6","308,2","292,9","292,9","279,5","281,5","290,2","289,5","302,9","296,2","290,9","282,8","290,9","285,5","283,5","282,2","276,2","270,8","269,5","267,5","267,5","266,8","264,1","264,1","263,4","264,8","262,1","262,8","262,8","264,1","264,1","262,1","262,1","262,1","262,1","262,1","261,4","261,4","261,4","262,1","262,1","261,4","261,4","261,4","262,1","262,1","264,1","262,8","261,4","270,1","278,8","284,2","294,2","295,5","296,2","313,6","319,6"
5106,Nový Bor,51,26349,3. 10. 2026,26. 9. 2026,"463,0","463,0","463,0","0,0",100,91,93,93,94,92,91,91,89,90,90,91,89,91,90,90,89,89,89,89,89,88,88,88,88,89,88,88,88,88,88,88,88,88,89,89,90,88,88,88,88,88,88,88,88,88,88,88,89,89,89,88,"523,7","478,2","489,6","485,8","493,4","482,0","478,2","478,2","466,8","470,6","470,6","474,4","466,8","474,4","470,6","470,6","466,8","466,8","466,8","466,8","466,8","463,0","463,0","463,0","463,0","466,8","463,0","463,0","463,0","463,0","463,0","463,0","463,0","463,0","466,8","466,8","470,6","463,0","463,0","463,0","463,0","463,0","463,0","463,0","463,0","463,0","463,0","463,0","466,8","466,8","466,8","463,0","463,0","463,0","463,0","463,0","463,0","463,0","463,0"
5107,Semily,51,25605,3. 10. 2026,26. 9. 2026,"300,7","300,7","300,7","0,0",94,100,87,83,72,79,77,74,75,71,69,74,73,72,72,73,70,69,71,71,70,71,70,70,70,71,71,70,70,70,70,70,70,70,70,70,71,70,70,70,70,70,70,70,70,70,70,70,70,70,71,70,"402,3","429,6","374,9","355,4","308,5","339,8","332,0","316,3","324,2","304,6","296,8","316,3","312,4","308,5","308,5","312,4","300,7","296,8","304,6","304,6","300,7","304,6","300,7","300,7","300,7","304,6","304,6","300,7","300,7","300,7","300,7","300,7","300,7","300,7","300,7","300,7","304,6","300,7","300,7","300,7","300,7","300,7","300,7","300,7","300,7","300,7","300,7","300,7","300,7","300,7","304,6","300,7","300,7","300,7","300,7","300,7","300,7","300,7","300,7"
5108,Tanvald,51,20542,3. 10. 2026,26. 9. 2026,"374,8","374,8","374,8","0,0",100,98,94,92,92,91,89,89,90,87,87,90,89,87,89,89,87,87,87,87,87,87,87,87,87,87,87,87,87,87,87,90,89,87,87,87,87,87,87,87,87,87,87,87,87,87,87,87,87,87,87,89,"423,5","413,8","399,2","389,4","389,4","384,6","374,8","374,8","379,7","370,0","370,0","379,7","374,8","370,0","374,8","374,8","370,0","370,0","370,0","370,0","370,0","370,0","370,0","370,0","370,0","370,0","370,0","370,0","370,0","370,0","370,0","379,7","374,8","370,0","370,0","370,0","370,0","370,0","370,0","370,0","370,0","370,0","370,0","370,0","370,0","370,0","370,0","370,0","370,0","370,0","370,0","374,8","374,8","374,8","374,8","374,8","374,8","374,8","374,8"
5109,Turnov,51,33505,3. 10. 2026,26. 9. 2026,"328,3","328,3","328,3","0,0",94,100,96,84,83,87,86,84,86,84,84,87,84,84,84,84,85,84,84,84,83,83,83,82,81,81,81,81,81,81,81,81,81,81,81,81,81,81,81,81,81,81,81,81,81,81,81,81,81,81,81,81,"379,0","402,9","388,0","337,3","334,3","349,2","346,2","340,2","346,2","340,2","340,2","352,2","340,2","340,2","337,3","340,2","343,2","337,3","340,2","337,3","334,3","334,3","334,3","331,3","328,3","325,3","325,3","325,3","325,3","325,3","325,3","325,3","325,3","325,3","325,3","325,3","325,3","325,3","325,3","325,3","325,3","325,3","325,3","325,3","328,3","325,3","325,3","325,3","325,3","325,3","325,3","328,3","328,3","328,3","328,3","328,3","328,3","331,3","328,3"
5110,Železný Brod,51,12326,3. 10. 2026,26. 9. 2026,"519,2","519,2","511,1","8,1",100,100,92,90,88,89,88,88,88,88,88,89,89,88,88,88,88,88,88,88,88,88,88,88,88,88,88,88,88,88,88,88,88,88,88,88,88,88,88,88,88,88,88,88,88,88,88,88,88,88,88,88,"584,1","584,1","535,5","527,3","511,1","519,2","511,1","511,1","511,1","511,1","511,1","519,2","519,2","511,1","511,1","511,1","511,1","511,1","511,1","511,1","511,1","511,1","511,1","511,1","511,1","511,1","511,1","511,1","511,1","511,1","511,1","511,1","511,1","511,1","511,1","511,1","511,1","511,1","511,1","511,1","511,1","511,1","511,1","511,1","511,1","511,1","511,1","511,1","511,1","511,1","511,1","511,1","511,1","511,1","511,1","511,1","511,1","519,2","519,2"
5201,Broumov,52,15665,3. 10. 2026,26. 9. 2026,"593,7","593,7","593,7","0,0",91,100,90,90,90,92,87,87,85,86,86,86,86,88,84,86,85,86,88,84,86,86,85,84,84,84,84,84,84,84,84,84,84,83,83,83,83,84,83,83,83,83,83,85,84,83,83,83,83,83,83,83,"651,1","715,0","644,7","644,7","644,7","657,5","619,2","619,2","606,4","612,8","612,8","612,8","612,8","625,6","600,1","612,8","606,4","612,8","625,6","600,1","612,8","612,8","606,4","600,1","600,1","600,1","600,1","600,1","600,1","600,1","600,1","600,1","600,1","593,7","593,7","593,7","593,7","600,1","593,7","593,7","593,7","593,7","593,7","606,4","600,1","593,7","593,7","593,7","593,7","593,7","593,7","593,7","593,7","593,7","593,7","593,7","593,7","593,7","593,7"
5202,Dobruška,52,20217,3. 10. 2026,26. 9. 2026,"361,1","361,1","366,0","-4,9",100,94,93,89,93,88,90,90,89,88,90,89,88,88,89,87,87,87,87,87,88,88,88,88,88,87,87,87,87,87,87,87,87,87,87,87,87,87,87,87,87,87,87,88,88,87,87,87,87,87,87,88,"415,5","390,8","385,8","371,0","385,8","366,0","375,9","375,9","371,0","366,0","375,9","371,0","366,0","366,0","371,0","361,1","361,1","361,1","361,1","361,1","366,0","366,0","366,0","366,0","366,0","361,1","361,1","361,1","361,1","361,1","361,1","361,1","361,1","361,1","361,1","361,1","361,1","361,1","361,1","361,1","361,1","361,1","361,1","366,0","366,0","361,1","361,1","361,1","361,1","361,1","361,1","366,0","366,0","366,0","366,0","366,0","361,1","361,1","361,1"
5203,Dvůr Králové nad Labem,52,27118,3. 10. 2026,26. 9. 2026,"468,3","468,3","464,6","3,7",89,100,87,90,86,88,88,86,88,88,89,85,80,79,81,80,79,78,78,76,77,76,76,78,76,78,77,76,77,80,77,77,77,76,76,76,76,76,77,77,76,76,76,76,76,76,76,76,77,77,77,77,"538,4","604,8","527,3","545,8","519,9","531,0","531,0","519,9","534,7","531,0","538,4","516,3","483,1","479,4","490,4","486,8","479,4","472,0","472,0","460,9","468,3","460,9","460,9","472,0","460,9","472,0","468,3","460,9","468,3","486,8","464,6","468,3","464,6","460,9","460,9","460,9","460,9","460,9","464,6","464,6","460,9","460,9","460,9","460,9","460,9","460,9","460,9","460,9","464,6","464,6","464,6","464,6","464,6","460,9","460,9","460,9","464,6","468,3","468,3"
5204,Hořice,52,18536,3. 10. 2026,26. 9. 2026,"404,6","404,6","404,6","0,0",97,100,90,99,93,98,97,93,89,91,93,96,92,89,86,85,85,87,84,84,83,82,82,82,82,82,82,83,82,82,82,82,82,82,82,82,82,82,82,82,82,82,82,82,82,82,82,82,82,82,83,82,"480,1","496,3","447,8","490,9","464,0","485,5","480,1","464,0","442,4","453,2","464,0","474,8","458,6","442,4","426,2","420,8","420,8","431,6","415,4","415,4","410,0","404,6","404,6","404,6","404,6","404,6","404,6","410,0","404,6","404,6","404,6","404,6","404,6","404,6","404,6","404,6","404,6","404,6","404,6","404,6","404,6","404,6","404,6","404,6","404,6","404,6","404,6","404,6","404,6","404,6","410,0","404,6","404,6","404,6","404,6","404,6","404,6","404,6","404,6"
5205,Hradec Králové,52,148986,3. 10. 2026,26. 9. 2026,"348,4","348,4","349,7","-1,3",98,100,90,90,87,84,83,83,83,86,83,84,82,81,83,82,82,81,81,80,79,79,78,79,79,78,78,78,79,79,78,78,78,78,78,78,78,78,78,78,79,78,78,78,78,78,79,79,78,79,79,79,"433,6","441,0","398,0","396,7","382,6","370,5","366,5","366,5","365,1","377,9","366,5","371,2","363,8","355,7","366,5","361,1","360,4","356,4","355,1","353,7","347,0","346,3","345,7","347,0","347,0","345,0","345,7","345,0","347,0","346,3","345,7","345,0","345,0","345,7","345,7","345,0","345,7","345,7","345,7","345,0","346,3","345,7","345,0","345,0","345,7","345,0","346,3","347,0","345,0","346,3","347,7","349,7","349,7","348,4","349,7","350,4","350,4","349,0","348,4"
5206,Jaroměř,52,19658,3. 10. 2026,26. 9. 2026,"498,5","498,5","498,5","0,0",97,100,96,96,94,94,94,93,92,93,94,93,92,92,91,91,91,91,93,91,92,92,94,91,91,91,91,91,91,91,91,91,91,91,91,91,91,91,91,91,91,91,91,91,91,91,91,91,91,91,91,91,"534,1","549,4","529,0","529,0","513,8","513,8","513,8","508,7","503,6","508,7","513,8","508,7","503,6","503,6","498,5","498,5","498,5","498,5","508,7","498,5","503,6","503,6","513,8","498,5","498,5","498,5","498,5","498,5","498,5","498,5","498,5","498,5","498,5","498,5","498,5","498,5","498,5","498,5","498,5","498,5","498,5","498,5","498,5","498,5","498,5","498,5","498,5","498,5","498,5","498,5","498,5","498,5","498,5","498,5","498,5","498,5","498,5","498,5","498,5"
5207,Jičín,52,48653,3. 10. 2026,26. 9. 2026,"407,0","407,0","411,1","-4,1",100,94,88,89,87,85,84,82,83,84,83,82,80,79,79,77,78,77,75,76,76,75,75,77,75,75,75,75,76,77,75,75,75,75,75,75,75,75,75,75,75,75,75,75,75,75,75,76,75,75,75,75,"544,7","511,8","476,8","483,0","474,8","464,5","458,3","446,0","452,2","458,3","452,2","444,0","437,8","429,6","429,6","419,3","427,5","419,3","411,1","415,2","415,2","411,1","407,0","419,3","411,1","407,0","407,0","409,0","415,2","419,3","409,0","409,0","409,0","411,1","409,0","407,0","407,0","407,0","409,0","409,0","407,0","407,0","407,0","407,0","407,0","407,0","411,1","413,1","409,0","411,1","407,0","411,1","411,1","411,1","411,1","411,1","407,0","407,0","407,0"
5208,Kostelec nad Orlicí,52,25176,3. 10. 2026,26. 9. 2026,"377,3","377,3","377,3","0,0",92,100,91,86,88,88,88,88,85,85,86,85,85,86,85,84,84,85,85,85,84,84,84,84,84,84,84,84,85,85,84,84,84,84,84,84,84,84,84,84,84,84,84,84,84,84,84,84,85,86,84,84,"413,1","448,8","409,1","385,3","397,2","393,2","397,2","393,2","381,3","381,3","385,3","381,3","381,3","385,3","381,3","377,3","377,3","381,3","381,3","381,3","377,3","377,3","377,3","377,3","377,3","377,3","377,3","377,3","381,3","381,3","377,3","377,3","377,3","377,3","377,3","377,3","377,3","377,3","377,3","377,3","377,3","377,3","377,3","377,3","377,3","377,3","377,3","377,3","381,3","385,3","377,3","377,3","377,3","377,3","377,3","377,3","377,3","377,3","377,3"
5209,Náchod,52,60788,3. 10. 2026,26. 9. 2026,"537,9","537,9","539,6","-1,6",95,100,94,93,91,91,89,89,89,89,87,88,88,88,87,87,88,88,88,88,87,87,87,87,87,87,87,87,87,87,87,87,87,87,87,87,87,87,87,87,87,87,87,87,87,87,87,87,87,87,88,87,"585,6","616,9","582,4","572,5","561,0","562,6","549,5","551,1","547,8","546,2","539,6","541,2","542,9","541,2","539,6","539,6","541,2","541,2","542,9","542,9","539,6","539,6","537,9","539,6","537,9","537,9","539,6","537,9","537,9","539,6","537,9","539,6","539,6","537,9","537,9","537,9","539,6","539,6","539,6","537,9","537,9","537,9","537,9","537,9","539,6","537,9","537,9","537,9","537,9","537,9","541,2","539,6","539,6","537,9","537,9","537,9","537,9","537,9","537,9"
5210,Nová Paka,52,13389,3. 10. 2026,26. 9. 2026,"395,8","395,8","395,8","0,0",94,96,93,84,82,82,84,87,84,94,90,100,97,82,78,79,87,85,78,87,84,84,82,82,84,81,82,81,82,81,78,79,78,81,81,79,78,78,78,78,78,78,78,78,78,78,78,78,78,78,78,78,"478,0","485,5","470,5","425,7","418,3","418,3","425,7","440,7","425,7","478,0","455,6","507,9","492,9","418,3","395,8","403,3","440,7","433,2","395,8","440,7","425,7","425,7","418,3","418,3","425,7","410,8","418,3","410,8","418,3","410,8","395,8","403,3","395,8","410,8","410,8","403,3","395,8","395,8","395,8","395,8","395,8","395,8","395,8","395,8","395,8","395,8","395,8","395,8","395,8","395,8","395,8","395,8","395,8","395,8","395,8","395,8","395,8","395,8","395,8"
5211,Nové Město nad Metují,52,14211,3. 10. 2026,26. 9. 2026,"499,6","499,6","478,5","21,1",98,100,98,90,85,86,89,86,85,88,88,88,90,88,86,86,88,85,85,85,85,85,85,85,86,85,85,85,85,85,85,85,85,85,85,85,85,85,85,85,85,85,85,85,85,85,85,85,85,85,85,85,"548,9","562,9","548,9","506,6","478,5","485,5","499,6","485,5","478,5","492,6","492,6","492,6","506,6","492,6","485,5","485,5","492,6","478,5","478,5","478,5","478,5","478,5","478,5","478,5","485,5","478,5","478,5","478,5","478,5","478,5","478,5","478,5","478,5","478,5","478,5","478,5","478,5","478,5","478,5","478,5","478,5","478,5","478,5","478,5","478,5","478,5","478,5","478,5","478,5","478,5","478,5","478,5","478,5","478,5","478,5","485,5","492,6","499,6","499,6"
5212,Nový Bydžov,52,18003,3. 10. 2026,26. 9. 2026,"394,4","394,4","383,3","11,1",90,99,100,88,94,93,94,92,94,87,86,90,88,84,84,84,84,84,87,84,83,83,83,83,83,83,83,83,83,83,83,83,83,83,84,83,83,83,83,83,83,83,83,83,83,83,83,83,83,83,83,83,"416,6","455,5","461,0","405,5","433,3","427,7","433,3","422,2","433,3","399,9","394,4","416,6","405,5","388,8","388,8","388,8","388,8","388,8","399,9","388,8","383,3","383,3","383,3","383,3","383,3","383,3","383,3","383,3","383,3","383,3","383,3","383,3","383,3","383,3","388,8","383,3","383,3","383,3","383,3","383,3","383,3","383,3","383,3","383,3","383,3","383,3","383,3","383,3","383,3","383,3","383,3","383,3","383,3","383,3","383,3","383,3","388,8","394,4","394,4"
5213,Rychnov nad Kněžnou,52,34793,3. 10. 2026,26. 9. 2026,"350,6","350,6","350,6","0,0",95,100,89,80,86,84,84,84,81,82,82,82,82,80,80,82,82,80,82,80,80,80,82,82,80,80,80,80,80,80,80,80,80,80,80,80,80,80,80,80,80,80,80,80,80,80,80,80,80,80,80,80,"419,6","439,7","390,9","353,5","376,5","370,8","370,8","367,9","356,4","359,3","362,1","362,1","359,3","353,5","353,5","359,3","359,3","353,5","362,1","353,5","353,5","350,6","359,3","359,3","353,5","350,6","353,5","350,6","350,6","350,6","350,6","350,6","350,6","353,5","350,6","350,6","353,5","350,6","353,5","353,5","350,6","350,6","350,6","350,6","350,6","350,6","350,6","350,6","350,6","350,6","350,6","350,6","350,6","350,6","350,6","350,6","350,6","350,6","350,6"
5214,Trutnov,52,62699,3. 10. 2026,26. 9. 2026,"572,6","572,6","574,2","-1,6",98,100,97,93,92,91,91,92,91,91,92,90,90,90,90,90,90,90,90,90,89,90,90,89,89,90,90,89,90,90,90,89,89,89,89,89,89,90,90,90,90,90,90,90,90,90,90,90,90,90,90,90,"625,2","638,0","618,8","593,3","586,9","580,6","579,0","583,7","582,1","579,0","588,5","575,8","575,8","574,2","577,4","574,2","572,6","572,6","572,6","571,0","569,4","571,0","571,0","569,4","569,4","572,6","571,0","569,4","571,0","574,2","571,0","569,4","569,4","569,4","569,4","569,4","569,4","571,0","571,0","571,0","571,0","571,0","571,0","571,0","572,6","571,0","571,0","571,0","571,0","571,0","572,6","574,2","574,2","574,2","574,2","574,2","574,2","572,6","572,6"
5215,Vrchlabí,52,27375,3. 10. 2026,26. 9. 2026,"438,4","438,4","438,4","0,0",100,97,92,93,90,91,89,90,92,92,90,92,91,90,90,90,90,88,89,89,89,90,89,88,88,88,88,88,88,88,88,88,88,88,88,88,88,88,88,88,88,88,88,88,88,88,88,88,88,88,89,88,"496,8","482,2","456,6","460,3","449,3","453,0","442,0","445,7","456,6","456,6","449,3","456,6","453,0","445,7","449,3","445,7","449,3","438,4","442,0","442,0","442,0","445,7","442,0","438,4","438,4","438,4","438,4","438,4","438,4","438,4","438,4","438,4","438,4","438,4","438,4","438,4","438,4","438,4","438,4","438,4","438,4","438,4","438,4","438,4","438,4","438,4","438,4","438,4","438,4","438,4","442,0","438,4","438,4","438,4","438,4","438,4","438,4","438,4","438,4"
5301,Česká Třebová,53,17834,3. 10. 2026,26. 9. 2026,"386,9","386,9","386,9","0,0",97,100,90,87,82,80,87,79,78,80,77,83,80,75,75,76,78,78,78,77,75,75,75,75,75,75,75,75,75,75,75,75,75,75,75,75,75,75,75,75,75,75,75,75,75,76,75,75,75,75,75,75,"499,0","515,9","465,4","448,6","420,5","414,9","448,6","409,3","403,7","414,9","398,1","426,2","414,9","386,9","386,9","392,5","403,7","403,7","403,7","398,1","386,9","386,9","386,9","386,9","386,9","386,9","386,9","386,9","386,9","386,9","386,9","386,9","386,9","386,9","386,9","386,9","386,9","386,9","386,9","386,9","386,9","386,9","386,9","386,9","386,9","392,5","386,9","386,9","386,9","386,9","386,9","386,9","386,9","386,9","386,9","386,9","386,9","386,9","386,9"
5302,Hlinsko,53,21127,3. 10. 2026,26. 9. 2026,"350,3","350,3","350,3","0,0",94,100,86,87,83,82,81,85,86,81,81,78,78,82,81,82,80,83,81,81,80,80,80,80,80,80,80,80,80,80,80,80,80,80,80,80,80,80,80,80,80,80,80,80,80,80,80,81,81,80,80,80,"411,8","440,2","378,7","383,4","364,5","359,7","355,0","373,9","378,7","355,0","355,0","345,5","345,5","359,7","355,0","359,7","350,3","364,5","355,0","355,0","350,3","350,3","350,3","350,3","350,3","350,3","350,3","350,3","350,3","350,3","350,3","350,3","350,3","350,3","350,3","350,3","350,3","350,3","350,3","350,3","350,3","350,3","350,3","350,3","350,3","350,3","350,3","355,0","355,0","350,3","350,3","350,3","350,3","350,3","350,3","350,3","350,3","350,3","350,3"
5303,Holice,53,18656,3. 10. 2026,26. 9. 2026,"369,9","369,9","369,9","0,0",100,95,84,84,83,81,83,78,77,76,79,81,77,74,75,75,75,72,74,72,72,72,72,72,72,73,73,72,73,72,72,73,72,72,72,72,72,72,72,72,72,72,72,72,72,72,72,72,72,72,72,72,"514,6","487,8","434,2","434,2","428,8","418,1","428,8","402,0","396,7","391,3","407,4","418,1","396,7","380,6","385,9","385,9","385,9","369,9","380,6","369,9","369,9","369,9","369,9","369,9","369,9","375,2","375,2","369,9","375,2","369,9","369,9","375,2","369,9","369,9","369,9","369,9","369,9","369,9","369,9","369,9","369,9","369,9","369,9","369,9","369,9","369,9","369,9","369,9","369,9","369,9","369,9","369,9","369,9","369,9","369,9","369,9","369,9","369,9","369,9"
5304,Chrudim,53,85271,3. 10. 2026,26. 9. 2026,"402,2","402,2","401,1","1,2",96,100,97,96,92,94,91,90,89,92,91,90,88,86,88,89,89,88,87,87,87,87,86,85,85,85,85,85,86,85,85,85,85,85,85,85,85,85,85,85,85,85,85,85,85,85,85,85,85,85,86,86,"449,2","466,7","452,7","448,0","429,2","439,8","426,9","422,2","416,3","428,0","425,7","422,2","409,3","401,1","412,8","414,0","414,0","410,5","406,9","404,6","406,9","405,8","401,1","398,7","398,7","398,7","398,7","398,7","399,9","398,7","397,6","397,6","397,6","397,6","397,6","397,6","397,6","397,6","397,6","397,6","397,6","398,7","398,7","397,6","397,6","397,6","397,6","397,6","398,7","397,6","399,9","401,1","401,1","399,9","399,9","399,9","402,2","402,2","402,2"
5305,Králíky,53,8557,3. 10. 2026,26. 9. 2026,"560,9","560,9","560,9","0,0",100,98,100,100,98,98,100,98,98,98,98,100,100,98,98,98,98,98,98,98,98,98,98,98,98,98,98,98,98,98,98,98,98,98,98,98,98,98,98,98,98,98,98,98,98,98,98,98,100,98,98,98,"572,6","560,9","572,6","572,6","560,9","560,9","572,6","560,9","560,9","560,9","560,9","572,6","572,6","560,9","560,9","560,9","560,9","560,9","560,9","560,9","560,9","560,9","560,9","560,9","560,9","560,9","560,9","560,9","560,9","560,9","560,9","560,9","560,9","560,9","560,9","560,9","560,9","560,9","560,9","560,9","560,9","560,9","560,9","560,9","560,9","560,9","560,9","560,9","572,6","560,9","560,9","560,9","560,9","560,9","560,9","560,9","560,9","560,9","560,9"
5306,Lanškroun,53,23082,3. 10. 2026,26. 9. 2026,"346,6","346,6","346,6","0,0",86,100,94,90,88,89,91,92,88,85,86,84,84,84,85,82,82,82,82,84,82,85,84,82,82,84,82,82,82,82,82,82,82,82,82,82,82,82,82,82,82,82,82,82,82,82,82,82,82,82,82,82,"359,6","420,2","394,2","376,9","368,3","372,6","381,2","385,6","368,3","355,3","359,6","350,9","350,9","350,9","355,3","346,6","346,6","346,6","346,6","350,9","346,6","355,3","350,9","346,6","346,6","350,9","346,6","346,6","346,6","346,6","346,6","346,6","346,6","346,6","346,6","346,6","346,6","346,6","346,6","346,6","346,6","346,6","346,6","346,6","346,6","346,6","346,6","346,6","346,6","346,6","346,6","346,6","346,6","346,6","346,6","346,6","346,6","346,6","346,6"
5307,Litomyšl,53,27691,3. 10. 2026,26. 9. 2026,"357,5","357,5","357,5","0,0",100,88,89,89,84,85,81,82,80,80,86,86,77,77,77,80,79,77,77,78,79,77,77,78,79,77,77,77,77,77,77,77,77,77,77,77,77,77,77,77,77,77,77,77,77,77,77,77,77,77,77,77,"462,2","404,5","411,7","411,7","386,4","393,6","375,6","379,2","372,0","372,0","397,2","397,2","357,5","353,9","357,5","368,4","364,7","357,5","357,5","361,1","364,7","357,5","357,5","361,1","364,7","357,5","353,9","353,9","353,9","353,9","353,9","353,9","353,9","353,9","353,9","353,9","353,9","353,9","353,9","353,9","353,9","353,9","353,9","353,9","353,9","353,9","353,9","353,9","353,9","353,9","353,9","357,5","357,5","357,5","357,5","361,1","357,5","357,5","357,5"
5308,Moravská Třebová,53,25961,3. 10. 2026,26. 9. 2026,"462,2","462,2","458,4","3,9",96,99,93,99,100,99,94,88,89,91,92,100,89,86,85,86,87,88,88,85,86,87,87,88,87,85,85,86,85,85,85,85,85,85,85,85,85,85,85,85,85,86,86,85,86,85,85,85,85,85,86,86,"512,3","527,7","493,0","523,9","531,6","527,7","500,8","469,9","473,8","481,5","489,2","531,6","473,8","458,4","450,7","454,5","462,2","469,9","466,1","450,7","458,4","462,2","462,2","469,9","462,2","450,7","450,7","454,5","450,7","450,7","450,7","450,7","450,7","450,7","450,7","450,7","450,7","450,7","450,7","450,7","450,7","454,5","454,5","450,7","454,5","450,7","450,7","450,7","450,7","450,7","458,4","458,4","458,4","454,5","458,4","462,2","462,2","462,2","462,2"
5309,Pardubice,53,134359,3. 10. 2026,26. 9. 2026,"343,1","343,1","340,9","2,2",100,98,92,90,88,87,82,84,84,84,85,85,83,82,82,82,82,81,81,81,81,81,81,81,81,81,81,81,80,80,80,81,81,80,80,80,80,80,80,80,80,80,80,80,80,81,80,80,80,80,80,80,"424,2","413,8","390,7","380,3","373,6","368,4","349,1","358,0","358,0","355,8","362,5","359,5","352,0","346,8","347,6","348,3","346,1","343,1","343,1","343,9","343,1","343,1","343,9","344,6","342,4","341,6","341,6","343,1","340,9","340,9","340,1","341,6","343,9","340,1","340,1","340,1","340,9","340,1","340,1","340,1","340,1","339,4","340,1","340,9","340,1","341,6","340,1","340,1","340,1","340,1","340,9","340,9","340,9","340,9","343,1","343,9","343,9","343,9","343,1"
5310,Polička,53,19904,3. 10. 2026,26. 9. 2026,"532,6","532,6","537,6","-5,0",88,100,85,87,82,80,77,79,75,75,76,72,72,71,71,72,71,71,72,72,72,73,71,72,71,71,71,71,71,71,71,71,71,71,72,71,71,71,71,71,71,71,71,71,71,71,73,72,71,71,71,71,"663,2","753,6","643,1","653,1","618,0","602,9","582,8","592,8","562,7","567,7","572,7","542,6","542,6","532,6","537,6","542,6","532,6","532,6","542,6","542,6","542,6","547,6","537,6","542,6","537,6","537,6","532,6","532,6","532,6","532,6","532,6","532,6","532,6","532,6","542,6","537,6","532,6","532,6","532,6","532,6","532,6","532,6","532,6","532,6","532,6","532,6","547,6","542,6","532,6","532,6","532,6","537,6","537,6","537,6","537,6","537,6","532,6","532,6","532,6"
5311,Přelouč,53,26522,3. 10. 2026,26. 9. 2026,"490,2","490,2","490,2","0,0",100,95,97,94,90,89,89,90,88,87,87,88,89,88,88,88,88,88,87,87,87,86,86,86,86,86,86,86,86,86,86,86,86,86,86,86,86,86,86,86,86,86,86,86,86,86,86,86,86,86,86,86,"569,3","542,9","550,5","535,4","512,8","505,2","505,2","512,8","501,5","497,7","497,7","501,5","509,0","501,5","501,5","501,5","501,5","501,5","497,7","497,7","497,7","490,2","490,2","490,2","490,2","490,2","490,2","490,2","490,2","490,2","490,2","490,2","490,2","490,2","490,2","490,2","490,2","490,2","490,2","490,2","490,2","490,2","490,2","490,2","490,2","490,2","490,2","490,2","490,2","490,2","490,2","490,2","490,2","490,2","490,2","490,2","490,2","490,2","490,2"
5312,Svitavy,53,31020,3. 10. 2026,26. 9. 2026,"374,0","374,0","374,0","0,0",99,100,98,99,100,98,97,96,95,100,95,94,90,89,90,88,88,89,89,88,87,87,87,87,87,88,87,87,88,87,87,87,87,87,87,87,87,87,87,87,87,87,87,87,87,87,88,88,87,88,87,87,"425,5","428,8","422,3","425,5","428,8","419,1","415,9","412,6","409,4","428,8","406,2","403,0","386,8","383,6","386,8","377,2","377,2","380,4","380,4","377,2","374,0","374,0","374,0","374,0","374,0","377,2","374,0","374,0","377,2","374,0","374,0","374,0","374,0","374,0","374,0","374,0","374,0","374,0","374,0","374,0","374,0","374,0","374,0","374,0","374,0","374,0","377,2","377,2","374,0","377,2","374,0","374,0","374,0","374,0","374,0","374,0","374,0","374,0","374,0"
5313,Ústí nad Orlicí,53,26493,3. 10. 2026,26. 9. 2026,"392,6","392,6","388,8","3,8",100,94,84,87,86,91,90,85,84,86,85,84,86,84,86,84,82,81,81,82,81,80,81,81,81,81,82,81,81,81,80,80,80,80,80,80,80,80,80,80,80,81,81,80,80,80,80,80,80,80,80,80,"486,9","456,7","407,7","422,8","419,0","441,6","437,9","415,2","411,4","419,0","415,2","411,4","419,0","411,4","419,0","411,4","400,1","396,3","392,6","400,1","392,6","388,8","392,6","392,6","396,3","396,3","400,1","392,6","392,6","392,6","388,8","388,8","388,8","388,8","388,8","388,8","388,8","388,8","388,8","388,8","388,8","392,6","392,6","388,8","388,8","388,8","388,8","388,8","388,8","388,8","388,8","388,8","388,8","388,8","388,8","388,8","392,6","392,6","392,6"
5314,Vysoké Mýto,53,32804,3. 10. 2026,26. 9. 2026,"405,4","405,4","405,4","0,0",98,100,96,96,85,81,82,81,80,81,83,87,81,79,79,76,77,77,76,76,75,76,75,75,76,76,75,75,75,75,75,75,75,75,75,75,75,75,75,75,75,75,75,75,75,75,75,75,75,75,75,75,"533,5","542,6","518,2","518,2","463,4","439,0","445,1","439,0","435,9","439,0","448,1","469,5","439,0","426,8","429,8","414,6","417,6","417,6","414,6","414,6","408,5","414,6","408,5","408,5","414,6","414,6","405,4","408,5","408,5","405,4","405,4","405,4","405,4","405,4","405,4","405,4","405,4","405,4","405,4","405,4","405,4","408,5","405,4","405,4","405,4","405,4","405,4","405,4","405,4","405,4","405,4","405,4","405,4","405,4","405,4","405,4","405,4","405,4","405,4"
5315,Žamberk,53,29480,3. 10. 2026,26. 9. 2026,"318,9","318,9","322,3","-3,4",100,96,89,98,88,92,90,88,86,84,87,97,88,85,84,82,83,86,85,84,81,81,80,81,80,80,81,80,80,80,80,80,80,80,80,80,80,80,80,80,80,80,80,80,80,80,80,80,80,80,80,81,"400,3","383,3","356,2","393,5","352,8","366,4","359,6","352,8","346,0","335,8","349,4","386,7","352,8","339,2","335,8","329,0","332,4","342,6","339,2","335,8","322,3","325,6","318,9","322,3","318,9","318,9","322,3","318,9","318,9","318,9","318,9","318,9","318,9","318,9","318,9","318,9","318,9","318,9","318,9","318,9","318,9","318,9","318,9","318,9","318,9","318,9","318,9","318,9","318,9","318,9","318,9","322,3","322,3","322,3","322,3","322,3","318,9","318,9","318,9"
6301,Bystřice nad Pernštejnem,63,19675,3. 10. 2026,26. 9. 2026,"426,9","426,9","426,9","0,0",100,100,98,96,97,97,93,97,96,94,98,94,96,94,92,94,92,92,92,92,92,92,92,93,92,92,92,92,92,92,92,92,92,92,92,92,92,92,92,92,92,92,92,92,92,92,92,92,92,92,94,93,"457,4","457,4","447,3","437,1","442,2","442,2","426,9","442,2","437,1","432,0","447,3","432,0","437,1","432,0","421,9","432,0","421,9","421,9","421,9","421,9","421,9","421,9","421,9","426,9","421,9","421,9","421,9","421,9","421,9","421,9","421,9","421,9","421,9","421,9","421,9","421,9","421,9","421,9","421,9","421,9","421,9","421,9","421,9","421,9","421,9","421,9","421,9","421,9","421,9","421,9","432,0","426,9","421,9","421,9","421,9","421,9","421,9","421,9","426,9"
6302,Havlíčkův Brod,63,53841,3. 10. 2026,26. 9. 2026,"412,3","412,3","412,3","0,0",97,100,94,92,92,89,87,86,87,88,89,88,85,86,87,86,84,85,84,85,85,84,86,85,84,84,83,83,83,84,84,83,83,83,84,84,83,83,83,84,83,83,83,83,83,83,84,83,84,83,84,84,"475,5","490,3","462,5","451,3","451,3","438,3","427,2","421,6","427,2","430,9","438,3","432,8","417,9","419,8","425,3","419,8","414,2","416,0","414,2","416,0","417,9","414,2","421,6","417,9","412,3","410,5","408,6","408,6","408,6","410,5","410,5","408,6","408,6","408,6","410,5","410,5","408,6","408,6","408,6","410,5","408,6","408,6","408,6","408,6","408,6","408,6","410,5","408,6","410,5","408,6","410,5","412,3","410,5","410,5","410,5","414,2","412,3","412,3","412,3"
6303,Humpolec,63,18492,3. 10. 2026,26. 9. 2026,"394,8","394,8","400,2","-5,4",91,100,92,86,75,77,79,76,79,79,78,78,76,77,77,76,75,75,75,75,75,75,74,74,74,74,76,76,76,75,75,75,75,75,75,75,75,75,75,75,75,75,75,75,75,75,77,75,75,75,75,77,"470,5","519,1","475,9","448,8","389,4","400,2","411,0","394,8","411,0","411,0","405,6","405,6","394,8","400,2","400,2","394,8","389,4","389,4","389,4","389,4","389,4","389,4","383,9","383,9","383,9","383,9","394,8","394,8","394,8","389,4","389,4","389,4","389,4","389,4","389,4","389,4","389,4","389,4","389,4","389,4","389,4","389,4","389,4","389,4","389,4","389,4","400,2","389,4","389,4","389,4","389,4","400,2","400,2","400,2","400,2","400,2","400,2","394,8","394,8"
6304,Chotěboř,63,21745,3. 10. 2026,26. 9. 2026,"395,5","395,5","390,9","4,6",91,100,85,85,75,76,74,71,76,82,75,68,65,67,69,67,65,68,68,66,66,66,65,65,66,65,65,65,65,65,66,65,65,65,65,65,65,65,65,65,65,65,65,65,65,65,65,65,65,65,65,65,"542,7","597,8","510,5","505,9","450,7","455,3","441,5","423,1","455,3","487,5","450,7","404,7","386,3","400,1","413,9","400,1","390,9","404,7","404,7","395,5","395,5","395,5","386,3","390,9","395,5","386,3","386,3","390,9","390,9","390,9","395,5","386,3","386,3","386,3","386,3","386,3","386,3","386,3","386,3","386,3","386,3","386,3","386,3","386,3","386,3","386,3","386,3","386,3","386,3","386,3","386,3","390,9","390,9","390,9","395,5","395,5","395,5","395,5","395,5"
6305,Jihlava,63,102996,3. 10. 2026,26. 9. 2026,"400,0","400,0","399,0","1,0",96,100,97,97,96,97,98,96,95,93,92,92,89,88,88,88,88,88,87,87,87,87,87,87,87,87,87,87,86,86,86,86,86,86,86,86,86,86,86,86,86,86,86,86,86,86,86,86,86,86,86,86,"443,7","462,2","450,5","446,6","445,6","446,6","454,4","443,7","437,9","431,1","425,3","423,3","410,7","408,8","404,9","406,8","405,8","405,8","401,0","400,0","400,0","401,0","400,0","400,0","401,0","401,0","400,0","400,0","398,1","398,1","397,1","397,1","397,1","397,1","397,1","397,1","397,1","397,1","397,1","397,1","397,1","397,1","397,1","397,1","397,1","398,1","398,1","397,1","398,1","399,0","398,1","399,0","399,0","399,0","399,0","399,0","400,0","400,0","400,0"
6306,Moravské Budějovice,63,22919,3. 10. 2026,26. 9. 2026,"331,6","331,6","331,6","0,0",92,94,92,100,91,90,82,82,82,91,91,82,84,85,82,81,82,82,80,81,79,80,79,78,78,78,78,78,78,78,78,79,78,78,78,78,78,78,78,78,78,78,78,78,78,79,79,78,79,79,79,78,"388,3","397,1","388,3","423,2","384,0","379,6","349,1","349,1","349,1","384,0","384,0","349,1","353,4","357,8","349,1","344,7","349,1","349,1","340,3","344,7","336,0","340,3","336,0","331,6","331,6","331,6","331,6","331,6","331,6","331,6","331,6","336,0","331,6","331,6","331,6","331,6","331,6","331,6","331,6","331,6","331,6","331,6","331,6","331,6","331,6","336,0","336,0","331,6","336,0","336,0","336,0","331,6","331,6","331,6","331,6","331,6","331,6","331,6","331,6"
6307,Náměšť nad Oslavou,63,13566,3. 10. 2026,26. 9. 2026,"368,6","368,6","353,8","14,7",100,98,95,92,100,86,90,88,90,90,92,88,88,83,86,81,81,81,81,81,83,81,81,81,81,81,81,81,81,81,83,81,81,81,81,81,81,81,81,81,81,81,81,81,81,83,81,81,81,81,81,81,"434,9","427,5","412,8","398,1","434,9","375,9","390,7","383,3","390,7","390,7","398,1","383,3","383,3","361,2","375,9","353,8","353,8","353,8","353,8","353,8","361,2","353,8","353,8","353,8","353,8","353,8","353,8","353,8","353,8","353,8","361,2","353,8","353,8","353,8","353,8","353,8","353,8","353,8","353,8","353,8","353,8","353,8","353,8","353,8","353,8","361,2","353,8","353,8","353,8","353,8","353,8","353,8","353,8","353,8","368,6","368,6","368,6","368,6","368,6"
6308,Nové Město na Moravě,63,19419,3. 10. 2026,26. 9. 2026,"391,4","391,4","391,4","0,0",100,91,85,90,91,88,88,85,86,89,86,84,82,81,81,80,79,80,79,81,81,79,79,79,79,79,80,80,79,79,79,79,80,79,79,79,79,79,79,79,79,79,79,79,79,79,79,79,79,79,79,79,"494,4","448,0","422,3","442,9","448,0","432,6","432,6","422,3","427,4","437,7","427,4","417,1","406,8","401,7","401,7","396,5","391,4","396,5","391,4","401,7","401,7","391,4","391,4","391,4","391,4","391,4","396,5","396,5","391,4","391,4","391,4","391,4","396,5","391,4","391,4","391,4","391,4","391,4","391,4","391,4","391,4","391,4","391,4","391,4","391,4","391,4","391,4","391,4","391,4","391,4","391,4","391,4","391,4","391,4","391,4","391,4","391,4","391,4","391,4"
6309,Pacov,63,9478,3. 10. 2026,26. 9. 2026,"506,4","506,4","495,9","10,6",89,98,100,91,89,96,93,91,91,89,91,89,87,87,87,87,89,89,87,89,89,89,89,89,89,89,89,89,87,87,87,87,87,87,87,87,87,87,87,87,87,87,87,87,87,87,87,87,87,87,87,87,"506,4","559,2","569,7","517,0","506,4","548,6","527,5","517,0","517,0","506,4","517,0","506,4","495,9","495,9","495,9","495,9","506,4","506,4","495,9","506,4","506,4","506,4","506,4","506,4","506,4","506,4","506,4","506,4","495,9","495,9","495,9","495,9","495,9","495,9","495,9","495,9","495,9","495,9","495,9","495,9","495,9","495,9","495,9","495,9","495,9","495,9","495,9","495,9","495,9","495,9","495,9","495,9","495,9","495,9","506,4","506,4","506,4","506,4","506,4"
6310,Pelhřimov,63,46163,3. 10. 2026,26. 9. 2026,"346,6","346,6","348,8","-2,2",96,100,94,93,85,84,87,83,86,84,80,81,80,79,79,80,80,80,80,79,79,79,79,78,78,78,78,78,78,78,78,78,78,78,78,78,78,78,78,78,78,78,78,78,79,78,78,78,79,78,79,79,"424,6","444,1","415,9","411,6","379,1","372,6","385,6","370,4","383,4","372,6","357,4","359,6","353,1","348,8","350,9","353,1","355,3","353,1","353,1","348,8","348,8","350,9","348,8","346,6","346,6","346,6","346,6","346,6","346,6","346,6","346,6","346,6","346,6","346,6","346,6","346,6","346,6","346,6","346,6","346,6","346,6","346,6","346,6","346,6","348,8","346,6","346,6","346,6","348,8","346,6","348,8","348,8","348,8","346,6","346,6","346,6","346,6","346,6","346,6"
6311,Světlá nad Sázavou,63,19590,3. 10. 2026,26. 9. 2026,"633,0","633,0","627,9","5,1",93,100,99,94,90,90,90,85,88,88,87,88,86,86,87,87,87,86,90,91,89,86,85,86,85,85,85,85,85,85,86,86,85,85,85,85,85,85,85,85,85,85,85,85,85,86,86,85,85,85,85,85,"684,0","735,1","730,0","689,1","663,6","663,6","658,5","622,8","643,2","643,2","638,1","643,2","633,0","633,0","638,1","638,1","638,1","633,0","658,5","668,7","653,4","633,0","627,9","633,0","627,9","627,9","627,9","627,9","627,9","627,9","633,0","633,0","627,9","627,9","627,9","627,9","627,9","627,9","627,9","627,9","627,9","627,9","627,9","627,9","627,9","633,0","633,0","627,9","627,9","627,9","627,9","627,9","627,9","627,9","627,9","627,9","627,9","633,0","633,0"
6312,Telč,63,13045,3. 10. 2026,26. 9. 2026,"391,0","391,0","391,0","0,0",100,89,84,89,86,86,87,86,86,87,87,87,84,83,83,84,83,83,81,81,81,81,81,81,81,81,81,81,81,81,81,81,81,81,81,81,81,81,81,81,81,81,81,81,81,81,81,81,81,81,81,81,"482,9","429,3","406,3","429,3","414,0","414,0","421,6","414,0","414,0","421,6","421,6","421,6","406,3","398,6","398,6","406,3","398,6","398,6","391,0","391,0","391,0","391,0","391,0","391,0","391,0","391,0","391,0","391,0","391,0","391,0","391,0","391,0","391,0","391,0","391,0","391,0","391,0","391,0","391,0","391,0","391,0","391,0","391,0","391,0","391,0","391,0","391,0","391,0","391,0","391,0","391,0","391,0","391,0","391,0","391,0","391,0","391,0","391,0","391,0"
6313,Třebíč,63,73908,3. 10. 2026,26. 9. 2026,"361,3","361,3","361,3","0,0",98,100,95,95,90,92,88,88,86,89,86,83,85,86,83,83,83,83,82,82,83,82,82,82,82,82,82,83,82,82,82,82,82,82,82,82,82,82,82,82,82,82,82,82,82,82,82,83,82,82,82,82,"434,3","442,4","420,8","419,4","396,4","408,6","391,0","389,7","378,8","393,7","381,6","366,7","377,5","378,8","369,4","369,4","368,0","369,4","364,0","364,0","365,3","364,0","364,0","362,6","362,6","361,3","364,0","365,3","361,3","361,3","361,3","361,3","362,6","361,3","362,6","362,6","361,3","361,3","361,3","361,3","362,6","361,3","361,3","361,3","361,3","361,3","361,3","365,3","362,6","362,6","362,6","361,3","361,3","361,3","361,3","361,3","361,3","361,3","361,3"
6314,Velké Meziříčí,63,37205,3. 10. 2026,26. 9. 2026,"306,4","306,4","301,0","5,4",100,95,96,95,95,93,92,93,94,95,91,89,89,89,86,85,85,87,85,85,86,86,86,86,85,85,85,85,85,85,85,85,85,85,85,86,86,85,85,85,85,85,85,85,85,85,85,85,85,85,86,85,"352,1","333,3","338,7","333,3","336,0","327,9","325,2","327,9","330,6","336,0","319,8","314,5","311,8","311,8","303,7","301,0","301,0","306,4","301,0","301,0","303,7","303,7","303,7","303,7","301,0","301,0","301,0","301,0","301,0","301,0","301,0","301,0","301,0","301,0","301,0","303,7","303,7","301,0","301,0","301,0","301,0","301,0","301,0","301,0","301,0","301,0","301,0","301,0","301,0","301,0","303,7","301,0","301,0","301,0","301,0","301,0","303,7","306,4","306,4"
6315,Žďár nad Sázavou,63,42735,3. 10. 2026,26. 9. 2026,"287,8","287,8","278,5","9,4",95,100,89,84,88,91,86,81,86,86,84,82,81,82,79,77,76,76,77,76,76,76,77,77,76,76,76,77,76,76,76,76,76,76,76,76,76,76,76,76,76,76,76,76,76,76,76,76,77,77,76,78,"339,3","355,7","315,9","297,2","313,6","325,3","304,2","287,8","304,2","304,2","299,5","292,5","287,8","290,2","280,8","273,8","271,4","271,4","273,8","271,4","271,4","271,4","273,8","273,8","271,4","271,4","271,4","273,8","271,4","271,4","271,4","271,4","271,4","271,4","271,4","271,4","271,4","271,4","271,4","271,4","271,4","271,4","271,4","271,4","271,4","271,4","271,4","271,4","273,8","273,8","271,4","278,5","278,5","278,5","278,5","280,8","283,1","290,2","287,8"
6401,Blansko,64,57224,3. 10. 2026,26. 9. 2026,"468,3","468,3","463,1","5,2",100,98,89,92,88,88,86,85,86,87,87,85,83,81,82,81,80,80,81,81,80,80,80,81,81,80,81,80,80,80,80,80,80,80,81,80,80,80,80,80,80,80,80,80,80,80,80,80,80,80,80,80,"578,4","569,7","513,8","529,5","506,8","510,3","499,8","489,3","498,0","503,3","503,3","489,3","478,8","470,1","475,3","470,1","464,8","464,8","466,6","468,3","464,8","463,1","464,8","468,3","466,6","464,8","466,6","463,1","463,1","464,8","463,1","463,1","463,1","464,8","466,6","463,1","463,1","463,1","463,1","463,1","463,1","463,1","463,1","463,1","463,1","464,8","464,8","464,8","464,8","463,1","464,8","463,1","463,1","463,1","464,8","466,6","466,6","468,3","468,3"
6402,Boskovice,64,52822,3. 10. 2026,26. 9. 2026,"619,1","619,1","622,8","-3,8",97,99,99,100,97,96,97,96,95,96,97,97,95,95,93,93,93,92,92,92,92,92,92,92,93,92,93,93,93,93,93,93,92,92,92,92,92,92,92,92,92,92,92,92,92,92,92,92,92,92,93,93,"649,4","658,8","662,6","668,3","647,5","639,9","645,6","641,8","636,1","643,7","647,5","647,5","632,3","632,3","624,7","624,7","621,0","617,2","617,2","617,2","617,2","617,2","617,2","617,2","619,1","617,2","619,1","619,1","619,1","619,1","621,0","619,1","617,2","617,2","617,2","617,2","617,2","617,2","617,2","617,2","617,2","617,2","617,2","617,2","617,2","617,2","617,2","617,2","617,2","617,2","619,1","622,8","622,8","622,8","622,8","622,8","619,1","619,1","619,1"
6403,Brno,64,396101,3. 10. 2026,26. 9. 2026,"375,7","375,7","374,4","1,3",100,99,96,93,90,91,90,89,88,89,89,89,86,85,86,85,85,85,85,85,85,85,85,84,84,84,84,85,85,85,85,84,85,85,84,84,84,84,84,84,84,84,84,84,84,84,84,84,84,84,84,85,"439,8","433,5","420,9","408,7","394,3","401,4","397,4","391,3","386,0","390,8","390,1","390,3","379,4","375,4","377,9","375,7","373,6","373,1","374,1","373,1","372,9","373,4","372,9","371,4","370,9","371,4","370,9","371,6","371,9","371,6","371,6","371,4","371,6","371,6","370,4","370,1","370,6","370,4","370,4","370,4","370,1","370,4","370,6","370,4","370,6","370,9","371,1","370,9","370,9","370,9","371,4","374,4","374,1","373,6","374,7","375,7","375,7","376,4","375,7"
6404,Břeclav,64,59512,3. 10. 2026,26. 9. 2026,"551,1","551,1","551,1","0,0",98,100,98,99,96,97,98,97,98,98,96,96,95,95,94,95,95,94,94,94,93,94,94,94,93,93,93,93,93,93,93,93,93,93,93,93,93,93,93,93,93,93,93,93,93,93,93,93,93,93,93,93,"581,4","594,8","581,4","586,4","573,0","574,7","583,1","576,4","584,8","581,4","571,3","573,0","568,0","566,3","561,2","566,3","566,3","561,2","561,2","556,2","554,5","556,2","556,2","556,2","554,5","552,8","551,1","551,1","554,5","551,1","551,1","551,1","551,1","552,8","551,1","551,1","551,1","551,1","551,1","551,1","551,1","551,1","551,1","551,1","551,1","551,1","551,1","551,1","551,1","551,1","552,8","551,1","551,1","551,1","551,1","551,1","551,1","551,1","551,1"
6405,Bučovice,64,16573,3. 10. 2026,26. 9. 2026,"627,5","627,5","627,5","0,0",98,100,97,96,95,97,96,92,95,96,92,93,92,92,93,94,93,92,92,92,92,92,92,92,92,92,92,92,92,93,92,92,92,92,92,92,92,92,92,92,92,92,92,92,92,92,92,92,92,92,92,92,"669,8","681,8","663,7","651,7","645,6","663,7","657,7","627,5","645,6","651,7","627,5","633,6","627,5","627,5","633,6","639,6","633,6","627,5","627,5","627,5","627,5","627,5","627,5","627,5","627,5","627,5","627,5","627,5","627,5","633,6","627,5","627,5","627,5","627,5","627,5","627,5","627,5","627,5","627,5","627,5","627,5","627,5","627,5","627,5","627,5","627,5","627,5","627,5","627,5","627,5","627,5","627,5","627,5","627,5","627,5","627,5","627,5","627,5","627,5"
6406,Hodonín,64,59847,3. 10. 2026,26. 9. 2026,"502,9","502,9","501,3","1,7",99,100,96,97,97,96,93,91,92,95,92,89,88,88,90,88,90,89,88,88,87,87,87,87,87,87,87,87,87,87,87,87,87,87,87,87,87,87,87,87,87,87,87,87,87,87,87,87,87,88,87,87,"568,1","576,5","551,4","559,8","556,4","551,4","536,4","523,0","533,0","549,7","528,0","513,0","508,0","506,3","516,3","504,6","519,7","514,6","504,6","506,3","502,9","501,3","502,9","501,3","499,6","499,6","499,6","499,6","501,3","499,6","499,6","499,6","499,6","499,6","501,3","501,3","499,6","499,6","499,6","499,6","499,6","499,6","499,6","499,6","501,3","499,6","499,6","501,3","502,9","504,6","501,3","501,3","501,3","501,3","502,9","502,9","502,9","504,6","502,9"
6407,Hustopeče,64,37166,3. 10. 2026,26. 9. 2026,"419,7","419,7","419,7","0,0",94,100,95,89,86,84,84,86,88,86,88,87,85,85,86,85,83,83,84,83,82,82,82,82,82,82,82,82,82,82,82,82,82,82,82,82,82,82,83,82,82,82,82,83,83,82,82,82,82,82,83,83,"470,9","503,1","478,9","449,3","433,2","422,4","425,1","433,2","441,3","430,5","444,0","438,6","427,8","427,8","430,5","427,8","419,7","419,7","422,4","417,0","414,4","414,4","414,4","414,4","414,4","414,4","414,4","414,4","414,4","414,4","414,4","414,4","414,4","414,4","414,4","414,4","414,4","414,4","417,0","414,4","414,4","414,4","414,4","417,0","417,0","414,4","414,4","414,4","414,4","414,4","417,0","419,7","417,0","417,0","417,0","419,7","419,7","419,7","419,7"
6408,Ivančice,64,25109,3. 10. 2026,26. 9. 2026,"466,0","466,0","466,0","0,0",94,100,93,93,93,93,94,90,89,89,91,89,91,90,90,90,89,89,90,89,88,87,87,88,88,87,87,87,88,86,86,86,86,86,86,86,86,86,86,86,86,86,86,86,86,86,86,86,86,86,86,86,"509,8","541,6","505,8","501,8","501,8","501,8","509,8","489,9","481,9","481,9","493,8","481,9","493,8","489,9","489,9","485,9","481,9","481,9","485,9","481,9","473,9","470,0","470,0","473,9","473,9","470,0","470,0","470,0","473,9","466,0","466,0","466,0","466,0","466,0","466,0","466,0","466,0","466,0","466,0","466,0","466,0","466,0","466,0","466,0","466,0","466,0","466,0","466,0","466,0","466,0","466,0","466,0","466,0","466,0","466,0","466,0","466,0","466,0","466,0"
6409,Kuřim,64,24041,3. 10. 2026,26. 9. 2026,"220,5","220,5","212,1","8,3",100,89,80,69,69,72,75,75,74,80,71,71,70,64,68,64,64,64,65,66,66,66,65,66,65,64,62,62,64,62,62,64,62,62,62,62,62,62,62,62,62,62,62,62,62,62,62,62,62,62,64,64,"332,8","295,3","266,2","228,8","228,8","241,3","249,6","249,6","245,4","266,2","237,1","237,1","232,9","212,1","224,6","212,1","212,1","212,1","216,3","220,5","220,5","220,5","216,3","220,5","216,3","212,1","208,0","208,0","212,1","208,0","208,0","212,1","208,0","208,0","208,0","208,0","208,0","208,0","208,0","208,0","208,0","208,0","208,0","208,0","208,0","208,0","208,0","208,0","208,0","208,0","212,1","212,1","212,1","212,1","216,3","216,3","216,3","220,5","220,5"
6410,Kyjov,64,55405,3. 10. 2026,26. 9. 2026,"494,5","494,5","494,5","0,0",98,100,94,100,93,91,86,84,84,85,84,82,82,80,80,79,80,79,79,78,78,78,78,78,78,78,78,78,78,78,78,78,78,78,78,78,78,78,78,78,78,78,78,78,78,78,78,78,78,78,78,78,"620,9","635,3","595,6","633,5","588,4","575,8","548,7","530,6","530,6","541,5","536,1","521,6","519,8","505,4","507,2","500,0","505,4","501,8","503,6","498,1","494,5","498,1","494,5","494,5","494,5","494,5","496,3","496,3","494,5","494,5","494,5","494,5","494,5","494,5","494,5","494,5","496,3","494,5","494,5","494,5","494,5","494,5","494,5","496,3","498,1","494,5","496,3","494,5","494,5","496,3","496,3","494,5","494,5","494,5","494,5","494,5","494,5","494,5","494,5"
6411,Mikulov,64,20898,3. 10. 2026,26. 9. 2026,"397,2","397,2","397,2","0,0",93,100,100,97,85,84,86,86,81,85,88,84,85,82,82,79,79,80,82,82,81,81,79,79,79,79,77,77,77,77,77,77,77,77,77,77,77,77,77,77,77,77,77,78,77,77,78,77,77,77,79,79,"468,9","502,4","502,4","488,1","425,9","421,1","430,7","430,7","406,7","425,9","440,2","421,1","425,9","411,5","411,5","397,2","397,2","402,0","411,5","411,5","406,7","406,7","397,2","397,2","397,2","397,2","387,6","387,6","387,6","387,6","387,6","387,6","387,6","387,6","387,6","387,6","387,6","387,6","387,6","387,6","387,6","387,6","387,6","392,4","387,6","387,6","392,4","387,6","387,6","387,6","397,2","397,2","392,4","387,6","392,4","392,4","397,2","397,2","397,2"
6412,Moravský Krumlov,64,22798,3. 10. 2026,26. 9. 2026,"574,6","574,6","574,6","0,0",97,99,99,98,100,95,93,96,97,94,93,92,95,93,94,92,93,92,92,91,91,91,91,90,90,90,90,90,90,90,90,90,90,90,90,90,90,90,90,90,90,90,90,90,90,90,90,90,90,90,92,90,"618,5","627,2","631,6","622,9","636,0","605,3","592,2","609,7","614,1","596,5","592,2","583,4","605,3","592,2","596,5","587,8","592,2","583,4","583,4","579,0","579,0","579,0","579,0","574,6","574,6","574,6","574,6","574,6","574,6","574,6","574,6","574,6","574,6","574,6","574,6","574,6","574,6","574,6","574,6","574,6","574,6","574,6","574,6","574,6","574,6","574,6","574,6","574,6","574,6","574,6","583,4","574,6","574,6","574,6","574,6","574,6","574,6","574,6","574,6"
6413,Pohořelice,64,15558,3. 10. 2026,26. 9. 2026,"507,8","507,8","507,8","0,0",100,96,96,93,98,98,94,94,95,94,96,96,94,95,94,92,93,93,94,95,94,93,93,93,93,93,93,93,93,94,93,93,93,93,93,93,93,93,93,93,93,93,93,93,93,93,93,93,93,93,93,93,"546,3","527,1","527,1","507,8","533,5","533,5","514,2","514,2","520,6","514,2","527,1","527,1","514,2","520,6","514,2","501,3","507,8","507,8","514,2","520,6","514,2","507,8","507,8","507,8","507,8","507,8","507,8","507,8","507,8","514,2","507,8","507,8","507,8","507,8","507,8","507,8","507,8","507,8","507,8","507,8","507,8","507,8","507,8","507,8","507,8","507,8","507,8","507,8","507,8","507,8","507,8","507,8","507,8","507,8","507,8","507,8","507,8","507,8","507,8"
6414,Rosice,64,26903,3. 10. 2026,26. 9. 2026,"431,2","431,2","431,2","0,0",98,98,100,96,99,97,95,90,90,95,90,87,87,90,89,87,85,86,86,87,87,87,88,85,85,85,86,85,85,85,85,85,85,85,85,85,85,85,85,85,85,85,85,85,85,85,85,86,85,85,86,86,"490,7","490,7","501,8","483,2","494,4","486,9","475,8","453,5","449,8","475,8","453,5","438,6","434,9","453,5","446,0","434,9","427,5","431,2","431,2","434,9","434,9","434,9","442,3","427,5","427,5","427,5","431,2","427,5","427,5","427,5","427,5","427,5","427,5","427,5","427,5","427,5","427,5","427,5","427,5","427,5","427,5","427,5","427,5","427,5","427,5","427,5","427,5","431,2","427,5","427,5","431,2","431,2","431,2","431,2","431,2","431,2","431,2","431,2","431,2"
6415,Slavkov u Brna,64,24877,3. 10. 2026,26. 9. 2026,"510,5","510,5","510,5","0,0",97,100,100,94,95,93,93,97,96,96,92,96,92,92,89,90,92,93,90,91,90,91,90,90,90,90,90,91,91,90,91,91,90,90,91,90,90,90,90,90,90,90,90,90,90,90,90,90,90,90,90,90,"550,7","566,8","566,8","534,6","538,7","526,6","526,6","550,7","546,7","542,7","522,6","546,7","522,6","522,6","506,5","510,5","522,6","526,6","510,5","514,5","510,5","514,5","510,5","510,5","510,5","510,5","510,5","514,5","514,5","510,5","514,5","518,6","510,5","510,5","514,5","510,5","510,5","510,5","510,5","510,5","510,5","510,5","510,5","510,5","510,5","510,5","510,5","510,5","510,5","510,5","510,5","510,5","510,5","510,5","510,5","510,5","510,5","510,5","510,5"
6416,Šlapanice,64,72483,3. 10. 2026,26. 9. 2026,"284,2","284,2","284,2","0,0",93,100,92,87,81,86,83,83,83,81,82,81,79,77,79,77,79,77,78,78,77,77,77,77,76,77,77,76,76,76,76,76,76,76,76,76,76,76,76,76,76,76,76,76,76,76,76,76,76,76,76,76,"347,7","372,5","343,5","324,2","303,5","318,7","307,7","307,7","309,0","302,1","304,9","303,5","293,9","287,0","293,9","288,3","292,5","288,3","289,7","289,7","287,0","287,0","285,6","285,6","282,8","285,6","287,0","284,2","284,2","282,8","282,8","282,8","282,8","282,8","282,8","282,8","282,8","282,8","282,8","282,8","282,8","282,8","282,8","282,8","282,8","282,8","282,8","282,8","282,8","282,8","282,8","284,2","284,2","284,2","284,2","284,2","284,2","284,2","284,2"
6417,Tišnov,64,32576,3. 10. 2026,26. 9. 2026,"319,3","319,3","319,3","0,0",100,96,91,88,82,79,78,77,80,81,79,80,79,80,80,77,76,75,75,76,77,76,77,75,75,75,75,76,76,75,75,75,75,75,75,75,75,75,75,75,75,75,75,75,75,75,75,75,75,75,76,76,"420,6","405,2","380,6","368,4","343,8","331,5","328,5","322,3","337,7","340,7","331,5","337,7","331,5","334,6","334,6","322,3","319,3","316,2","316,2","319,3","322,3","319,3","325,4","316,2","316,2","316,2","316,2","319,3","319,3","316,2","316,2","316,2","316,2","316,2","316,2","316,2","316,2","316,2","316,2","316,2","316,2","316,2","316,2","316,2","316,2","316,2","316,2","316,2","316,2","316,2","319,3","319,3","319,3","316,2","316,2","319,3","319,3","319,3","319,3"
6418,Veselí nad Moravou,64,36867,3. 10. 2026,26. 9. 2026,"553,3","553,3","553,3","0,0",96,96,98,100,97,95,95,93,94,94,93,91,89,88,88,89,90,88,87,88,87,87,88,88,87,87,88,87,87,87,88,87,88,88,88,87,87,87,88,87,87,88,87,87,87,87,88,88,88,88,88,88,"604,9","604,9","621,2","632,0","615,7","602,2","602,2","585,9","596,7","591,3","585,9","575,0","561,5","556,1","553,3","561,5","569,6","553,3","550,6","556,1","550,6","550,6","553,3","556,1","550,6","550,6","553,3","550,6","550,6","550,6","553,3","550,6","558,8","553,3","553,3","550,6","550,6","550,6","553,3","550,6","550,6","553,3","550,6","550,6","550,6","550,6","553,3","553,3","553,3","553,3","553,3","553,3","553,3","553,3","556,1","556,1","556,1","553,3","553,3"
6419,Vyškov,64,52824,3. 10. 2026,26. 9. 2026,"685,3","685,3","683,4","1,9",97,100,99,96,93,93,94,93,93,91,91,92,91,91,91,91,91,92,92,91,91,91,91,91,90,91,92,91,91,91,92,92,91,91,91,91,91,91,91,91,91,91,91,91,91,91,91,91,91,91,91,91,"725,0","747,8","740,2","717,5","694,8","694,8","704,2","694,8","696,7","683,4","681,5","687,2","683,4","677,7","683,4","681,5","683,4","689,1","687,2","681,5","679,6","679,6","677,7","679,6","675,8","677,7","685,3","679,6","683,4","683,4","687,2","685,3","683,4","683,4","681,5","679,6","679,6","681,5","679,6","679,6","683,4","679,6","681,5","681,5","679,6","679,6","679,6","679,6","679,6","679,6","683,4","683,4","683,4","681,5","683,4","683,4","685,3","685,3","685,3"
6420,Znojmo,64,93230,3. 10. 2026,26. 9. 2026,"520,2","520,2","524,5","-4,3",100,99,98,94,94,97,98,94,94,95,94,95,92,91,91,91,90,90,91,90,90,90,90,90,90,90,90,90,90,90,90,90,90,90,90,90,90,90,90,90,90,90,90,90,90,90,90,90,90,90,90,91,"578,1","573,8","568,5","543,8","546,0","561,0","564,2","541,7","542,7","549,2","544,9","550,3","532,0","528,8","526,7","528,8","522,4","521,3","523,4","522,4","521,3","522,4","520,2","520,2","521,3","521,3","521,3","520,2","520,2","521,3","521,3","522,4","520,2","520,2","520,2","520,2","520,2","520,2","520,2","520,2","520,2","520,2","520,2","520,2","520,2","520,2","520,2","520,2","521,3","521,3","520,2","524,5","524,5","524,5","525,6","524,5","521,3","521,3","520,2"
6421,Židlochovice,64,34386,3. 10. 2026,26. 9. 2026,"383,9","383,9","383,9","0,0",100,99,95,91,88,92,90,89,89,89,89,89,87,87,88,88,90,88,88,88,87,86,86,86,86,86,86,86,86,86,86,86,86,86,86,86,86,86,86,86,86,86,86,86,86,86,86,86,86,86,86,86,"447,9","444,9","427,5","407,1","395,5","413,0","401,3","398,4","398,4","398,4","398,4","398,4","389,7","389,7","392,6","392,6","401,3","395,5","392,6","392,6","389,7","386,8","386,8","386,8","386,8","383,9","383,9","383,9","383,9","383,9","383,9","383,9","383,9","383,9","383,9","383,9","383,9","383,9","383,9","383,9","383,9","383,9","383,9","386,8","383,9","383,9","383,9","383,9","383,9","383,9","386,8","383,9","383,9","383,9","383,9","383,9","383,9","383,9","383,9"
7101,Hranice,71,34376,3. 10. 2026,26. 9. 2026,"337,4","337,4","337,4","0,0",100,97,96,97,93,89,86,89,91,89,88,88,84,85,86,86,86,85,86,85,85,84,84,84,84,84,84,86,84,84,85,85,84,84,84,84,84,84,84,84,84,84,84,84,84,84,84,84,84,84,84,84,"401,4","389,8","384,0","389,8","372,4","357,8","346,2","357,8","363,6","357,8","354,9","352,0","337,4","340,4","343,3","346,2","343,3","340,4","343,3","340,4","340,4","337,4","337,4","337,4","337,4","337,4","337,4","343,3","337,4","337,4","340,4","340,4","337,4","337,4","337,4","337,4","337,4","337,4","337,4","337,4","337,4","337,4","337,4","337,4","337,4","337,4","337,4","337,4","337,4","337,4","337,4","337,4","337,4","337,4","337,4","337,4","337,4","337,4","337,4"
7102,Jeseník,71,36991,3. 10. 2026,26. 9. 2026,"502,8","502,8","497,4","5,4",100,99,95,97,95,95,95,93,93,93,93,93,93,92,93,92,92,92,92,92,92,92,92,92,92,92,92,92,92,92,92,92,92,92,92,92,92,92,92,92,92,92,92,92,92,92,92,92,92,92,92,92,"538,0","535,3","513,6","521,7","510,9","510,9","510,9","502,8","500,1","502,8","502,8","500,1","500,1","497,4","500,1","494,7","497,4","497,4","497,4","494,7","494,7","494,7","497,4","497,4","497,4","494,7","494,7","494,7","494,7","494,7","494,7","494,7","494,7","494,7","494,7","494,7","494,7","494,7","494,7","494,7","494,7","494,7","494,7","494,7","494,7","494,7","494,7","494,7","497,4","494,7","494,7","497,4","497,4","497,4","497,4","502,8","505,5","502,8","502,8"
7103,Konice,71,11836,3. 10. 2026,26. 9. 2026,"312,6","312,6","304,2","8,4",100,87,87,89,82,87,84,87,82,82,84,89,89,82,82,82,82,84,87,82,82,82,84,87,84,80,80,80,80,80,80,80,80,80,80,80,80,80,80,80,80,80,80,80,80,80,80,80,80,80,80,80,"380,2","329,5","329,5","338,0","312,6","329,5","321,1","329,5","312,6","312,6","321,1","338,0","338,0","312,6","312,6","312,6","312,6","321,1","329,5","312,6","312,6","312,6","321,1","329,5","321,1","304,2","304,2","304,2","304,2","304,2","304,2","304,2","304,2","304,2","304,2","304,2","304,2","304,2","304,2","304,2","304,2","304,2","304,2","304,2","304,2","304,2","304,2","304,2","304,2","304,2","304,2","304,2","304,2","304,2","312,6","312,6","312,6","312,6","312,6"
7104,Lipník nad Bečvou,71,15226,3. 10. 2026,26. 9. 2026,"335,0","335,0","335,0","0,0",98,100,88,98,98,93,93,92,92,90,90,86,86,86,86,86,86,86,88,86,86,86,86,86,86,86,86,86,86,86,86,86,86,86,86,86,86,86,86,86,86,86,86,86,86,86,86,86,86,86,86,86,"380,9","387,5","341,5","380,9","380,9","361,2","361,2","354,7","354,7","348,1","348,1","335,0","335,0","335,0","335,0","335,0","335,0","335,0","341,5","335,0","335,0","335,0","335,0","335,0","335,0","335,0","335,0","335,0","335,0","335,0","335,0","335,0","335,0","335,0","335,0","335,0","335,0","335,0","335,0","335,0","335,0","335,0","335,0","335,0","335,0","335,0","335,0","335,0","335,0","335,0","335,0","335,0","335,0","335,0","335,0","335,0","335,0","335,0","335,0"
7105,Litovel,71,23804,3. 10. 2026,26. 9. 2026,"495,7","495,7","499,9","-4,2",96,100,92,92,94,89,88,86,87,88,87,84,83,83,83,84,84,83,82,82,83,83,83,83,83,81,81,82,81,81,81,82,81,81,81,81,81,81,81,81,81,81,81,81,81,81,81,82,81,82,84,82,"583,9","609,1","558,7","562,9","575,5","541,9","537,7","520,9","529,3","537,7","529,3","512,5","504,1","508,3","504,1","512,5","512,5","508,3","499,9","499,9","504,1","508,3","508,3","508,3","504,1","495,7","495,7","499,9","495,7","495,7","495,7","499,9","495,7","495,7","495,7","495,7","495,7","495,7","495,7","495,7","495,7","495,7","495,7","495,7","495,7","495,7","495,7","499,9","495,7","499,9","512,5","499,9","495,7","495,7","495,7","495,7","495,7","495,7","495,7"
7106,Mohelnice,71,18746,3. 10. 2026,26. 9. 2026,"384,1","384,1","378,7","5,3",83,100,79,84,81,73,68,66,64,71,67,67,66,63,63,63,64,64,64,63,63,63,63,63,63,63,63,63,63,63,63,63,63,63,63,63,63,63,63,64,63,63,63,63,63,63,64,63,63,63,63,64,"490,8","592,1","469,4","496,1","480,1","432,1","405,4","389,4","378,7","421,4","394,8","394,8","389,4","373,4","373,4","373,4","378,7","378,7","378,7","373,4","373,4","373,4","373,4","373,4","373,4","373,4","373,4","373,4","373,4","373,4","373,4","373,4","373,4","373,4","373,4","373,4","373,4","373,4","373,4","378,7","373,4","373,4","373,4","373,4","373,4","373,4","378,7","373,4","373,4","373,4","373,4","378,7","378,7","373,4","378,7","378,7","378,7","384,1","384,1"
7107,Olomouc,71,167827,3. 10. 2026,26. 9. 2026,"382,5","382,5","381,3","1,2",99,100,95,96,91,89,92,91,90,89,88,88,85,86,86,84,85,85,85,84,84,83,83,83,83,83,83,83,83,83,83,83,83,83,83,83,83,83,83,83,83,83,83,83,83,83,83,83,83,83,83,83,"456,4","461,8","440,3","443,9","420,1","409,9","423,1","418,3","416,5","408,8","404,6","407,0","393,9","399,2","395,6","389,1","393,3","393,9","390,9","387,9","387,3","383,7","382,5","385,5","385,5","381,9","382,5","382,5","381,9","381,3","381,3","381,9","381,9","382,5","381,3","381,9","381,9","381,9","381,3","381,3","381,3","381,3","381,3","381,3","381,3","381,9","381,3","381,3","382,5","381,9","381,9","381,3","381,3","381,3","381,3","382,5","382,5","382,5","382,5"
7108,Prostějov,71,96881,3. 10. 2026,26. 9. 2026,"425,3","425,3","424,2","1,0",96,100,100,93,89,90,85,84,84,85,86,84,83,82,83,82,82,82,82,82,81,82,81,82,81,81,81,81,81,82,81,82,81,81,81,81,81,81,81,81,81,81,81,81,81,81,81,81,82,82,83,82,"501,6","518,2","520,2","486,2","465,5","466,6","443,8","437,7","437,7","442,8","449,0","436,6","430,4","425,3","432,5","426,3","426,3","426,3","427,3","425,3","423,2","424,2","423,2","425,3","423,2","422,2","423,2","421,1","422,2","424,2","421,1","424,2","422,2","423,2","422,2","422,2","422,2","421,1","421,1","421,1","421,1","421,1","421,1","421,1","421,1","421,1","422,2","421,1","424,2","424,2","429,4","424,2","421,1","421,1","424,2","425,3","425,3","425,3","425,3"
7109,Přerov,71,78578,3. 10. 2026,26. 9. 2026,"423,8","423,8","423,8","0,0",95,100,95,93,91,90,87,86,88,90,89,87,84,84,85,84,84,84,83,83,83,82,82,82,82,82,82,82,82,82,82,82,82,82,82,82,82,82,82,82,82,82,82,82,82,82,82,82,82,82,82,82,"491,2","515,4","491,2","481,1","468,3","462,0","449,2","441,6","453,1","463,2","456,9","449,2","435,2","435,2","439,1","432,7","431,4","431,4","428,9","426,3","427,6","422,5","422,5","422,5","423,8","422,5","422,5","421,2","421,2","421,2","421,2","422,5","422,5","421,2","421,2","421,2","421,2","421,2","421,2","421,2","421,2","421,2","421,2","422,5","421,2","421,2","421,2","421,2","421,2","425,1","423,8","423,8","423,8","423,8","425,1","425,1","426,3","426,3","423,8"
7110,Šternberk,71,24028,3. 10. 2026,26. 9. 2026,"566,0","566,0","574,3","-8,3",95,100,90,93,89,86,87,83,85,83,86,83,83,81,81,83,83,82,83,83,83,83,84,84,83,83,83,81,81,81,82,81,81,81,82,83,82,81,81,81,81,81,81,81,81,81,81,81,81,81,83,83,"657,6","695,0","624,3","645,1","615,9","599,3","603,5","578,5","591,0","578,5","599,3","578,5","574,3","566,0","566,0","578,5","574,3","570,2","574,3","578,5","574,3","574,3","582,7","582,7","574,3","574,3","574,3","566,0","566,0","566,0","570,2","566,0","566,0","566,0","570,2","574,3","570,2","566,0","566,0","566,0","566,0","566,0","566,0","566,0","566,0","566,0","566,0","566,0","566,0","566,0","574,3","574,3","574,3","566,0","566,0","566,0","566,0","566,0","566,0"
7111,Šumperk,71,68086,3. 10. 2026,26. 9. 2026,"423,0","423,0","423,0","0,0",94,100,96,94,91,93,89,88,90,92,89,89,88,86,88,88,88,87,87,86,87,87,87,87,86,86,86,86,86,86,85,85,86,86,86,86,86,85,86,86,86,86,86,86,86,86,85,86,86,86,85,86,"458,2","489,1","468,5","458,2","446,5","453,8","433,3","430,3","439,2","450,9","436,2","433,3","431,8","420,1","428,9","431,8","430,3","427,4","427,4","423,0","425,9","425,9","427,4","424,5","421,5","421,5","420,1","418,6","423,0","420,1","417,1","417,1","418,6","418,6","418,6","421,5","421,5","417,1","420,1","421,5","421,5","421,5","421,5","420,1","421,5","420,1","417,1","421,5","418,6","418,6","417,1","423,0","423,0","423,0","423,0","424,5","423,0","424,5","423,0"
7112,Uničov,71,22281,3. 10. 2026,26. 9. 2026,"628,3","628,3","623,8","4,5",91,100,95,92,89,87,88,85,86,85,83,83,82,83,83,83,84,87,86,83,83,83,84,85,84,84,83,84,84,83,84,83,84,84,83,83,83,84,84,83,83,84,83,83,83,83,83,83,84,83,84,83,"682,2","749,5","713,6","686,7","664,2","655,3","659,8","637,3","641,8","637,3","619,4","623,8","614,9","619,4","619,4","619,4","628,3","650,8","641,8","623,8","623,8","623,8","628,3","637,3","632,8","628,3","623,8","628,3","628,3","623,8","628,3","623,8","632,8","628,3","623,8","623,8","623,8","628,3","628,3","623,8","623,8","628,3","623,8","623,8","623,8","623,8","623,8","623,8","628,3","623,8","628,3","623,8","623,8","623,8","623,8","623,8","628,3","628,3","628,3"
7113,Zábřeh,71,33142,3. 10. 2026,26. 9. 2026,"362,1","362,1","365,1","-3,0",100,99,95,94,90,88,86,85,83,83,81,83,81,79,81,81,80,80,81,79,79,78,78,78,79,79,78,78,78,79,79,78,78,78,78,78,79,78,78,78,78,78,78,78,78,78,78,78,78,78,79,79,"464,7","461,6","440,5","434,5","416,4","407,3","398,3","395,3","386,2","386,2","374,1","386,2","374,1","365,1","374,1","374,1","371,1","371,1","374,1","368,1","368,1","362,1","362,1","362,1","365,1","365,1","362,1","362,1","362,1","365,1","365,1","362,1","362,1","362,1","362,1","362,1","365,1","362,1","362,1","362,1","362,1","362,1","362,1","362,1","362,1","362,1","362,1","362,1","362,1","362,1","365,1","365,1","365,1","362,1","362,1","362,1","362,1","362,1","362,1"
7201,Bystřice pod Hostýnem,72,15131,3. 10. 2026,26. 9. 2026,"409,8","409,8","409,8","0,0",97,97,100,94,99,96,93,93,94,93,93,91,90,90,90,90,90,90,90,91,90,90,90,90,90,90,90,90,90,90,90,90,90,90,90,90,90,90,90,90,90,91,90,90,90,90,90,90,91,90,90,90,"442,8","442,8","456,0","429,6","449,4","436,2","423,0","423,0","429,6","423,0","423,0","416,4","409,8","409,8","409,8","409,8","409,8","409,8","409,8","416,4","409,8","409,8","409,8","409,8","409,8","409,8","409,8","409,8","409,8","409,8","409,8","409,8","409,8","409,8","409,8","409,8","409,8","409,8","409,8","409,8","409,8","416,4","409,8","409,8","409,8","409,8","409,8","409,8","416,4","409,8","409,8","409,8","409,8","409,8","409,8","409,8","409,8","409,8","409,8"
7202,Holešov,72,21683,3. 10. 2026,26. 9. 2026,"415,1","415,1","419,7","-4,6",100,99,96,98,98,94,96,96,97,96,94,96,96,93,94,93,91,92,92,91,91,91,91,91,91,91,91,91,91,91,91,91,91,91,91,91,91,91,91,91,91,91,91,91,91,91,91,91,91,91,91,92,"456,6","452,0","438,1","447,4","447,4","428,9","438,1","438,1","442,7","438,1","428,9","438,1","438,1","424,3","428,9","424,3","415,1","419,7","419,7","415,1","415,1","415,1","415,1","415,1","415,1","415,1","415,1","415,1","415,1","415,1","415,1","415,1","415,1","415,1","415,1","415,1","415,1","415,1","415,1","415,1","415,1","415,1","415,1","415,1","415,1","415,1","415,1","415,1","415,1","415,1","415,1","419,7","419,7","419,7","419,7","419,7","419,7","415,1","415,1"
7203,Kroměříž,72,67708,3. 10. 2026,26. 9. 2026,"570,1","570,1","567,1","3,0",100,99,97,96,95,97,94,93,94,93,92,91,89,88,89,89,88,89,88,88,88,88,87,87,87,87,87,87,87,87,87,87,87,87,87,87,87,87,87,87,87,87,87,87,87,87,87,87,87,87,87,88,"646,9","641,0","627,7","620,3","611,4","629,2","607,0","604,1","608,5","599,6","593,7","586,3","577,5","571,6","577,5","574,5","570,1","574,5","567,1","567,1","567,1","567,1","564,2","564,2","564,2","564,2","564,2","564,2","564,2","564,2","564,2","564,2","564,2","564,2","564,2","564,2","564,2","564,2","564,2","564,2","564,2","564,2","564,2","564,2","564,2","564,2","564,2","564,2","564,2","564,2","564,2","567,1","567,1","567,1","570,1","571,6","571,6","571,6","570,1"
7204,Luhačovice,72,18766,3. 10. 2026,26. 9. 2026,"511,6","511,6","511,6","0,0",97,99,98,98,97,100,95,95,95,95,94,96,95,94,94,95,94,94,95,95,94,94,94,94,94,95,95,95,95,95,95,95,95,94,94,94,94,94,94,94,94,94,94,94,94,94,94,94,94,94,94,94,"527,5","538,2","532,9","532,9","527,5","543,5","516,9","516,9","516,9","516,9","511,6","522,2","516,9","511,6","511,6","516,9","511,6","511,6","516,9","516,9","511,6","511,6","511,6","511,6","511,6","516,9","516,9","516,9","516,9","516,9","516,9","516,9","516,9","511,6","511,6","511,6","511,6","511,6","511,6","511,6","511,6","511,6","511,6","511,6","511,6","511,6","511,6","511,6","511,6","511,6","511,6","511,6","511,6","511,6","511,6","511,6","511,6","511,6","511,6"
7205,Otrokovice,72,34094,3. 10. 2026,26. 9. 2026,"486,9","486,9","486,9","0,0",93,98,98,100,91,90,90,90,89,88,88,87,87,87,87,87,87,87,87,88,87,87,87,87,87,87,87,87,87,87,87,87,87,87,87,87,87,87,87,87,87,87,87,87,87,87,87,87,87,87,87,87,"522,1","551,4","548,5","560,2","510,4","504,5","501,6","501,6","498,6","492,8","492,8","489,8","486,9","486,9","486,9","486,9","486,9","489,8","486,9","492,8","486,9","486,9","486,9","486,9","486,9","486,9","486,9","486,9","486,9","486,9","486,9","486,9","486,9","486,9","486,9","486,9","486,9","486,9","486,9","486,9","486,9","486,9","486,9","486,9","486,9","486,9","486,9","486,9","486,9","486,9","486,9","486,9","486,9","486,9","486,9","486,9","486,9","486,9","486,9"
7206,Rožnov pod Radhoštěm,72,35029,3. 10. 2026,26. 9. 2026,"396,8","396,8","396,8","0,0",96,100,95,91,94,91,89,89,91,89,92,88,88,89,89,89,89,89,89,88,89,89,89,89,88,88,88,88,89,89,88,88,88,88,88,88,88,88,88,88,88,88,88,88,88,88,88,88,88,88,88,88,"431,1","451,1","428,2","411,1","422,5","411,1","399,7","399,7","408,2","402,5","413,9","396,8","396,8","399,7","399,7","402,5","399,7","399,7","402,5","396,8","402,5","399,7","399,7","399,7","396,8","396,8","396,8","396,8","399,7","399,7","396,8","396,8","396,8","396,8","396,8","396,8","396,8","396,8","396,8","396,8","396,8","396,8","396,8","396,8","396,8","396,8","396,8","396,8","396,8","396,8","396,8","396,8","396,8","396,8","396,8","396,8","396,8","396,8","396,8"
7207,Uherské Hradiště,72,89803,3. 10. 2026,26. 9. 2026,"343,0","343,0","341,9","1,1",96,100,97,92,90,88,87,85,86,83,80,79,78,78,78,76,77,77,77,77,77,76,76,76,76,76,76,77,76,77,76,76,77,76,76,76,76,76,76,76,76,76,76,76,76,76,76,76,76,77,76,77,"426,5","445,4","430,9","412,0","400,9","393,1","386,4","379,7","384,2","370,8","354,1","353,0","349,7","347,4","348,5","340,7","341,9","343,0","344,1","343,0","343,0","339,6","339,6","339,6","338,5","338,5","340,7","341,9","339,6","343,0","339,6","340,7","341,9","339,6","339,6","339,6","339,6","339,6","339,6","339,6","339,6","339,6","339,6","339,6","340,7","340,7","339,6","339,6","339,6","343,0","340,7","341,9","341,9","341,9","343,0","343,0","343,0","343,0","343,0"
7208,Uherský Brod,72,51693,3. 10. 2026,26. 9. 2026,"379,2","379,2","377,2","1,9",96,100,97,96,89,91,90,89,90,90,87,85,84,85,85,85,85,84,85,84,83,83,84,83,83,82,82,82,82,83,82,82,82,82,82,82,82,82,82,82,82,82,82,82,82,82,82,82,82,82,82,83,"439,1","456,5","443,0","437,2","408,2","415,9","412,0","404,3","412,0","410,1","396,6","386,9","385,0","386,9","388,8","388,8","386,9","383,0","386,9","383,0","381,1","381,1","383,0","377,2","377,2","373,4","373,4","375,3","375,3","377,2","373,4","373,4","373,4","373,4","373,4","373,4","373,4","373,4","373,4","373,4","373,4","373,4","375,3","375,3","373,4","373,4","373,4","373,4","373,4","375,3","373,4","377,2","377,2","377,2","379,2","379,2","379,2","379,2","379,2"
7209,Valašské Klobouky,72,22889,3. 10. 2026,26. 9. 2026,"550,5","550,5","550,5","0,0",98,99,99,100,99,99,99,96,95,98,93,93,94,95,93,93,96,96,93,93,93,93,93,93,93,93,94,94,93,93,93,93,93,93,93,93,93,93,93,93,93,95,94,93,93,93,93,93,93,93,93,93,"576,7","585,4","581,1","589,8","585,4","585,4","581,1","568,0","559,2","576,7","550,5","550,5","554,9","559,2","550,5","550,5","568,0","563,6","550,5","550,5","550,5","550,5","550,5","550,5","550,5","550,5","554,9","554,9","550,5","550,5","550,5","550,5","550,5","550,5","550,5","550,5","550,5","550,5","550,5","550,5","550,5","559,2","554,9","550,5","550,5","550,5","550,5","550,5","550,5","550,5","550,5","550,5","550,5","550,5","550,5","550,5","550,5","550,5","550,5"
7210,Valašské Meziříčí,72,42503,3. 10. 2026,26. 9. 2026,"355,3","355,3","352,9","2,4",98,100,92,88,87,87,87,83,81,81,80,81,80,80,79,80,80,80,79,80,82,81,80,79,79,79,79,79,79,79,79,79,79,79,79,79,79,79,79,79,79,79,79,79,79,79,79,79,79,79,79,79,"442,3","449,4","411,7","397,6","390,6","392,9","392,9","371,7","362,3","362,3","360,0","364,7","360,0","357,6","355,3","360,0","357,6","360,0","355,3","360,0","367,0","362,3","360,0","352,9","352,9","352,9","352,9","352,9","352,9","352,9","352,9","352,9","352,9","352,9","355,3","352,9","352,9","352,9","355,3","355,3","352,9","352,9","352,9","352,9","352,9","352,9","352,9","352,9","352,9","352,9","355,3","352,9","352,9","352,9","352,9","352,9","352,9","355,3","355,3"
7211,Vizovice,72,17250,3. 10. 2026,26. 9. 2026,"307,2","307,2","313,0","-5,8",80,99,100,94,90,90,79,86,84,79,80,76,76,76,77,79,80,76,76,76,76,77,76,76,76,76,76,77,76,76,76,76,76,76,76,76,76,76,76,76,76,76,76,76,76,76,76,76,77,77,77,77,"324,6","400,0","405,8","382,6","365,2","365,2","318,8","347,8","342,0","318,8","324,6","307,2","307,2","307,2","313,0","318,8","324,6","307,2","307,2","307,2","307,2","313,0","307,2","307,2","307,2","307,2","307,2","313,0","307,2","307,2","307,2","307,2","307,2","307,2","307,2","307,2","307,2","307,2","307,2","307,2","307,2","307,2","307,2","307,2","307,2","307,2","307,2","307,2","313,0","313,0","313,0","313,0","307,2","307,2","307,2","307,2","307,2","307,2","307,2"
7212,Vsetín,72,64648,3. 10. 2026,26. 9. 2026,"498,1","498,1","499,6","-1,5",99,100,95,96,97,96,94,93,93,93,95,93,93,93,93,92,93,93,92,93,93,92,92,92,92,91,91,91,91,91,91,91,91,91,91,91,91,91,91,91,91,91,91,91,91,91,91,92,91,92,92,92,"541,4","544,5","519,7","524,4","530,6","522,8","512,0","508,9","504,3","507,4","515,1","507,4","507,4","504,3","504,3","501,2","507,4","508,9","499,6","504,3","507,4","501,2","501,2","501,2","499,6","496,5","496,5","498,1","496,5","498,1","498,1","496,5","496,5","496,5","496,5","496,5","496,5","496,5","496,5","496,5","496,5","496,5","496,5","496,5","496,5","496,5","496,5","499,6","498,1","499,6","501,2","499,6","498,1","496,5","498,1","498,1","498,1","498,1","498,1"
7213,Zlín,72,99334,3. 10. 2026,26. 9. 2026,"386,6","386,6","387,6","-1,0",96,100,95,98,91,90,91,89,88,89,88,88,87,87,87,87,87,87,86,86,87,86,86,87,87,86,86,86,86,86,86,86,86,86,86,86,86,86,86,86,86,87,86,86,86,86,87,86,86,86,87,87,"429,9","446,0","424,8","435,9","405,7","399,7","405,7","398,7","394,6","395,6","392,6","393,6","387,6","388,6","388,6","386,6","388,6","386,6","385,6","385,6","386,6","385,6","385,6","387,6","386,6","385,6","385,6","385,6","385,6","385,6","385,6","385,6","385,6","385,6","385,6","385,6","385,6","385,6","385,6","385,6","385,6","386,6","385,6","385,6","385,6","385,6","386,6","385,6","385,6","385,6","387,6","387,6","386,6","386,6","387,6","387,6","387,6","386,6","386,6"
8001,Bílovec,80,25728,3. 10. 2026,26. 9. 2026,"520,8","520,8","516,9","3,9",100,93,93,89,87,87,83,83,82,81,83,81,80,80,80,80,80,81,81,81,81,80,80,80,81,80,80,80,80,80,80,80,80,80,80,80,80,80,80,80,80,80,80,80,80,80,80,80,80,80,80,80,"649,1","606,3","602,5","575,2","563,6","563,6","536,4","536,4","532,5","524,7","536,4","528,6","520,8","520,8","516,9","520,8","516,9","524,7","524,7","528,6","524,7","520,8","520,8","520,8","524,7","520,8","516,9","516,9","516,9","516,9","520,8","520,8","516,9","516,9","516,9","516,9","516,9","516,9","516,9","516,9","516,9","516,9","516,9","516,9","516,9","516,9","516,9","516,9","516,9","516,9","516,9","516,9","516,9","516,9","516,9","516,9","516,9","520,8","520,8"
8002,Bohumín,80,33644,3. 10. 2026,26. 9. 2026,"410,2","410,2","413,1","-3,0",91,100,94,94,94,90,88,88,88,87,86,87,84,85,85,85,87,85,85,85,85,85,85,84,84,84,84,84,84,84,84,84,84,84,84,84,84,84,84,84,84,84,84,84,84,84,84,84,86,84,84,85,"442,9","484,5","457,7","457,7","457,7","434,0","428,0","425,0","428,0","419,1","416,1","419,1","407,2","410,2","410,2","413,1","419,1","410,2","410,2","410,2","410,2","410,2","410,2","407,2","407,2","407,2","407,2","407,2","407,2","407,2","407,2","407,2","407,2","407,2","407,2","407,2","407,2","407,2","407,2","407,2","407,2","407,2","407,2","407,2","407,2","407,2","407,2","407,2","416,1","407,2","407,2","413,1","413,1","413,1","413,1","413,1","413,1","413,1","410,2"
8003,Bruntál,80,35543,3. 10. 2026,26. 9. 2026,"498,0","498,0","498,0","0,0",95,98,96,100,98,98,97,93,93,93,94,94,92,92,93,93,95,92,92,92,92,92,92,92,92,92,92,92,92,93,92,92,92,92,92,92,92,92,92,92,92,92,92,92,92,92,92,92,92,92,92,92,"514,9","534,6","523,3","543,0","531,8","534,6","526,1","503,6","503,6","503,6","512,1","509,2","500,8","498,0","503,6","506,4","514,9","500,8","498,0","498,0","498,0","498,0","498,0","498,0","498,0","498,0","498,0","498,0","500,8","506,4","500,8","498,0","498,0","498,0","498,0","498,0","498,0","498,0","498,0","498,0","498,0","498,0","498,0","498,0","498,0","498,0","498,0","498,0","498,0","498,0","498,0","498,0","498,0","498,0","498,0","498,0","498,0","498,0","498,0"
8004,Český Těšín,80,24864,3. 10. 2026,26. 9. 2026,"422,3","422,3","418,3","4,0",91,100,90,90,85,85,83,81,82,84,84,83,80,82,83,82,81,82,81,81,81,80,80,80,80,80,80,80,80,80,80,80,80,80,80,80,80,80,80,80,80,80,80,81,80,80,80,80,80,80,80,81,"474,6","518,8","466,5","466,5","442,4","442,4","430,3","418,3","426,3","434,4","434,4","430,3","414,3","426,3","430,3","426,3","418,3","426,3","422,3","418,3","418,3","414,3","414,3","414,3","414,3","414,3","414,3","414,3","414,3","414,3","414,3","414,3","414,3","414,3","414,3","414,3","414,3","414,3","414,3","414,3","414,3","414,3","414,3","418,3","414,3","414,3","414,3","414,3","414,3","414,3","414,3","418,3","418,3","418,3","418,3","418,3","422,3","422,3","422,3"
8005,Frenštát pod Radhoštěm,80,19637,3. 10. 2026,26. 9. 2026,"397,2","397,2","407,4","-10,2",100,100,96,98,93,96,93,96,94,96,95,99,95,94,94,93,94,95,93,93,94,93,93,93,93,93,93,93,93,93,93,94,93,93,93,93,93,93,93,93,93,93,93,93,93,93,93,93,94,93,95,95,"427,8","427,8","412,5","417,6","397,2","412,5","397,2","412,5","402,3","412,5","407,4","422,7","407,4","402,3","402,3","397,2","402,3","407,4","397,2","397,2","402,3","397,2","397,2","397,2","397,2","397,2","397,2","397,2","397,2","397,2","397,2","402,3","397,2","397,2","397,2","397,2","397,2","397,2","397,2","397,2","397,2","397,2","397,2","397,2","397,2","397,2","397,2","397,2","402,3","397,2","407,4","407,4","407,4","402,3","402,3","402,3","397,2","397,2","397,2"
8006,Frýdek-Místek,80,112690,3. 10. 2026,26. 9. 2026,"442,8","442,8","442,8","0,0",96,100,96,97,93,90,90,88,89,89,90,89,88,87,87,87,88,88,87,87,87,88,86,86,87,87,87,87,87,87,87,86,86,86,87,86,86,86,86,86,87,86,86,86,86,86,87,87,86,87,87,86,"490,7","512,0","489,8","494,3","473,9","463,2","460,6","450,8","455,2","456,1","461,4","453,5","452,6","445,5","444,6","447,2","449,0","449,0","447,2","444,6","447,2","448,1","442,8","442,8","444,6","444,6","444,6","444,6","443,7","443,7","443,7","442,8","442,8","442,8","443,7","442,8","442,8","442,8","442,8","442,8","443,7","442,8","442,8","442,8","442,8","442,8","443,7","443,7","442,8","444,6","443,7","442,8","442,8","442,8","442,8","442,8","442,8","442,8","442,8"
8007,Frýdlant nad Ostravicí,80,25418,3. 10. 2026,26. 9. 2026,"424,9","424,9","428,8","-3,9",95,100,97,99,97,95,91,91,90,89,91,93,90,90,90,90,91,89,89,89,89,89,89,89,89,89,89,89,89,89,89,89,89,89,89,89,89,89,89,89,89,89,89,89,89,89,89,89,89,89,89,90,"452,4","476,0","460,3","472,1","460,3","452,4","432,8","432,8","428,8","424,9","432,8","444,6","428,8","428,8","428,8","428,8","432,8","424,9","424,9","424,9","424,9","424,9","424,9","424,9","424,9","424,9","424,9","424,9","424,9","424,9","424,9","424,9","424,9","424,9","424,9","424,9","424,9","424,9","424,9","424,9","424,9","424,9","424,9","424,9","424,9","424,9","424,9","424,9","424,9","424,9","424,9","428,8","428,8","428,8","428,8","428,8","424,9","424,9","424,9"
8008,Havířov,80,85861,3. 10. 2026,26. 9. 2026,"510,1","510,1","511,3","-1,2",100,97,96,93,93,94,93,92,92,93,92,92,91,92,92,91,91,91,91,91,91,91,91,91,91,91,91,91,91,91,91,91,91,91,91,91,91,91,91,91,91,91,91,91,91,91,91,91,91,91,91,91,"561,4","545,1","539,2","519,4","524,1","528,8","521,8","518,3","516,0","522,9","518,3","516,0","511,3","514,8","514,8","513,6","511,3","512,5","511,3","510,1","510,1","510,1","510,1","510,1","510,1","510,1","510,1","511,3","510,1","510,1","510,1","510,1","510,1","510,1","510,1","510,1","510,1","510,1","510,1","510,1","510,1","510,1","510,1","511,3","510,1","510,1","510,1","510,1","510,1","511,3","511,3","511,3","511,3","511,3","511,3","511,3","511,3","510,1","510,1"
8009,Hlučín,80,40416,3. 10. 2026,26. 9. 2026,"410,7","410,7","410,7","0,0",79,81,81,85,76,73,78,87,100,91,93,92,89,90,90,89,90,90,89,89,89,88,88,89,89,88,89,88,88,88,88,88,88,88,88,88,88,89,89,88,88,88,88,88,88,88,88,88,88,88,88,89,"363,7","376,1","373,6","393,4","351,3","339,0","358,8","400,8","462,7","420,6","430,5","425,6","410,7","418,2","418,2","410,7","415,7","415,7","413,2","413,2","410,7","408,3","405,8","413,2","413,2","408,3","410,7","408,3","408,3","408,3","408,3","408,3","408,3","408,3","408,3","408,3","408,3","410,7","410,7","408,3","408,3","408,3","408,3","408,3","408,3","408,3","408,3","408,3","408,3","408,3","408,3","410,7","410,7","410,7","410,7","413,2","410,7","410,7","410,7"
8010,Jablunkov,80,22480,3. 10. 2026,26. 9. 2026,"395,9","395,9","395,9","0,0",94,100,89,90,87,86,86,84,83,82,82,83,83,83,83,82,82,84,83,83,83,82,82,82,81,81,81,81,81,81,81,81,81,81,81,81,81,81,81,81,81,81,81,81,81,81,81,81,81,81,82,82,"458,2","484,9","431,5","435,9","422,6","418,1","418,1","409,3","404,8","395,9","395,9","400,4","400,4","404,8","400,4","395,9","395,9","409,3","404,8","400,4","404,8","395,9","395,9","395,9","391,5","391,5","391,5","391,5","391,5","391,5","391,5","391,5","391,5","391,5","391,5","391,5","391,5","391,5","391,5","391,5","391,5","391,5","391,5","391,5","391,5","391,5","391,5","391,5","391,5","391,5","395,9","395,9","395,9","395,9","391,5","391,5","395,9","395,9","395,9"
8011,Karviná,80,61263,3. 10. 2026,26. 9. 2026,"700,3","700,3","700,3","0,0",98,99,98,100,97,97,98,99,98,97,96,97,96,95,95,95,94,94,94,94,94,95,95,95,95,95,95,95,95,95,94,94,94,94,94,94,94,94,94,94,94,94,94,94,94,94,94,94,94,94,94,94,"729,6","739,4","729,6","744,3","724,7","719,8","729,6","734,5","731,3","723,1","718,2","721,5","711,7","705,2","706,8","705,2","701,9","701,9","701,9","701,9","701,9","703,5","703,5","705,2","705,2","705,2","706,8","705,2","705,2","703,5","701,9","701,9","700,3","700,3","700,3","700,3","700,3","700,3","700,3","700,3","700,3","700,3","700,3","700,3","700,3","700,3","700,3","700,3","700,3","700,3","700,3","700,3","700,3","700,3","700,3","700,3","700,3","700,3","700,3"
8012,Kopřivnice,80,40686,3. 10. 2026,26. 9. 2026,"398,2","398,2","408,0","-9,8",100,100,94,98,95,93,92,92,92,92,91,90,89,88,88,88,89,89,90,89,89,89,89,89,89,89,88,88,88,88,88,88,88,88,88,88,88,88,88,88,88,88,88,88,88,88,89,88,88,89,91,90,"454,7","454,7","427,7","447,3","430,1","422,7","420,3","417,8","417,8","420,3","412,9","410,5","403,1","398,2","400,6","400,6","403,1","405,5","408,0","405,5","405,5","403,1","403,1","403,1","403,1","403,1","400,6","398,2","398,2","398,2","398,2","398,2","398,2","398,2","398,2","398,2","400,6","400,6","398,2","398,2","398,2","398,2","398,2","398,2","398,2","398,2","403,1","398,2","398,2","405,5","412,9","408,0","405,5","403,1","403,1","403,1","398,2","398,2","398,2"
8013,Kravaře,80,21080,3. 10. 2026,26. 9. 2026,"360,5","360,5","360,5","0,0",92,93,88,100,100,98,90,92,87,91,96,92,87,85,89,88,87,87,86,86,86,84,85,84,84,85,85,87,86,84,84,84,84,84,84,84,84,84,84,84,84,84,84,84,84,84,86,87,84,85,85,84,"398,5","403,2","379,5","431,7","431,7","422,2","389,0","398,5","374,8","393,7","412,7","398,5","374,8","365,3","384,3","379,5","374,8","374,8","370,0","370,0","370,0","360,5","365,3","360,5","360,5","365,3","365,3","374,8","370,0","360,5","360,5","360,5","360,5","360,5","360,5","360,5","360,5","360,5","360,5","360,5","360,5","360,5","360,5","360,5","360,5","360,5","370,0","374,8","360,5","365,3","365,3","360,5","360,5","360,5","360,5","360,5","360,5","360,5","360,5"
8014,Krnov,80,39407,3. 10. 2026,26. 9. 2026,"573,5","573,5","573,5","0,0",99,95,96,100,97,94,91,94,95,93,93,93,91,89,89,89,90,89,89,89,89,89,89,89,89,89,89,89,89,89,89,89,89,89,89,89,89,89,89,89,89,89,89,89,89,89,89,89,89,89,89,89,"636,9","611,6","621,7","644,6","626,8","606,5","586,2","606,5","611,6","598,9","601,4","596,3","583,7","576,0","576,0","576,0","578,6","576,0","573,5","573,5","573,5","571,0","576,0","576,0","576,0","576,0","571,0","571,0","571,0","573,5","571,0","571,0","571,0","571,0","571,0","571,0","571,0","571,0","571,0","571,0","571,0","571,0","571,0","571,0","571,0","571,0","573,5","573,5","571,0","571,0","571,0","573,5","573,5","573,5","573,5","573,5","571,0","573,5","573,5"
8015,Nový Jičín,80,48690,3. 10. 2026,26. 9. 2026,"332,7","332,7","330,7","2,1",100,91,85,84,84,83,84,83,79,84,81,80,78,79,78,78,78,79,79,79,79,81,79,79,79,78,78,78,78,78,78,78,78,78,78,78,78,78,78,78,78,78,78,78,78,78,78,78,78,78,78,78,"425,1","386,1","359,4","355,3","357,4","353,3","355,3","351,2","336,8","357,4","345,0","340,9","332,7","334,8","332,7","332,7","332,7","336,8","334,8","336,8","334,8","343,0","334,8","334,8","334,8","332,7","332,7","332,7","332,7","330,7","330,7","330,7","330,7","330,7","330,7","330,7","330,7","332,7","330,7","330,7","330,7","330,7","330,7","332,7","332,7","330,7","330,7","330,7","330,7","330,7","330,7","330,7","330,7","330,7","330,7","332,7","332,7","332,7","332,7"
8016,Odry,80,17073,3. 10. 2026,26. 9. 2026,"357,3","357,3","357,3","0,0",100,100,71,75,67,71,70,63,65,67,64,63,62,63,63,63,66,66,63,64,62,63,63,63,62,62,62,62,62,62,62,62,62,62,62,62,62,62,62,62,62,62,62,62,62,63,64,64,62,63,62,62,"579,9","579,9","410,0","433,4","386,6","410,0","404,1","363,1","374,9","386,6","369,0","363,1","357,3","363,1","363,1","363,1","380,7","380,7","363,1","369,0","357,3","363,1","363,1","363,1","357,3","357,3","357,3","357,3","357,3","357,3","357,3","357,3","357,3","357,3","357,3","357,3","357,3","357,3","357,3","357,3","357,3","357,3","357,3","357,3","357,3","363,1","369,0","369,0","357,3","363,1","357,3","357,3","357,3","357,3","357,3","357,3","357,3","357,3","357,3"
8017,Opava,80,100305,3. 10. 2026,26. 9. 2026,"421,7","421,7","419,7","2,0",100,99,97,100,100,98,97,98,96,97,98,97,95,96,95,95,93,94,94,92,90,91,90,90,90,90,90,89,89,90,89,89,89,89,89,89,89,89,89,89,89,89,89,89,89,89,89,89,90,90,90,90,"465,6","462,6","450,6","463,6","464,6","456,6","451,6","456,6","446,6","451,6","455,6","450,6","442,6","444,6","441,7","440,7","433,7","436,7","435,7","429,7","418,7","421,7","418,7","418,7","416,7","416,7","416,7","415,7","415,7","417,7","415,7","414,7","414,7","414,7","414,7","414,7","414,7","414,7","413,7","414,7","414,7","413,7","413,7","413,7","413,7","413,7","413,7","414,7","417,7","419,7","420,7","419,7","419,7","419,7","420,7","420,7","420,7","421,7","421,7"
8018,Orlová,80,36534,3. 10. 2026,26. 9. 2026,"607,7","607,7","607,7","0,0",97,100,97,98,94,93,95,95,94,94,95,93,92,93,93,92,92,92,92,92,93,93,92,92,92,93,92,92,92,92,93,92,92,92,92,92,92,92,92,92,92,92,92,92,92,92,92,92,92,92,92,92,"640,5","662,4","643,2","648,7","621,3","618,6","626,8","632,3","621,3","624,1","632,3","613,1","610,4","613,1","615,9","607,7","607,7","607,7","610,4","610,4","615,9","613,1","610,4","610,4","610,4","613,1","610,4","610,4","607,7","607,7","613,1","610,4","607,7","610,4","610,4","607,7","607,7","607,7","607,7","607,7","607,7","607,7","607,7","607,7","607,7","607,7","607,7","607,7","607,7","607,7","607,7","607,7","607,7","607,7","607,7","607,7","607,7","607,7","607,7"
8019,Ostrava,80,316149,3. 10. 2026,26. 9. 2026,"470,0","470,0","470,3","-0,3",99,100,97,99,95,94,94,93,93,94,94,93,92,91,92,92,92,91,92,91,91,91,91,91,91,91,91,91,91,91,91,91,91,91,91,91,91,91,91,91,91,91,91,91,91,91,91,91,91,91,91,91,"509,6","515,6","498,2","511,5","491,9","485,2","485,5","479,8","482,1","486,8","485,2","479,8","473,8","471,6","475,1","473,5","473,5","471,6","471,9","471,3","469,7","469,7","469,4","469,1","469,4","469,1","468,5","468,8","469,4","468,8","468,1","468,1","468,8","468,5","469,1","468,8","468,8","468,5","468,1","468,1","468,5","468,1","468,1","468,5","468,5","468,8","468,5","468,5","469,7","468,5","468,8","470,3","470,3","470,3","471,3","471,6","471,3","471,3","470,0"
8020,Rýmařov,80,14884,3. 10. 2026,26. 9. 2026,"537,5","537,5","537,5","0,0",100,98,98,98,93,90,92,88,89,90,90,88,88,88,90,91,89,88,88,88,90,88,88,88,88,88,88,88,88,88,88,88,88,88,88,88,88,88,88,88,88,88,88,88,88,88,88,88,88,88,88,88,"611,4","598,0","598,0","598,0","571,1","550,9","564,4","537,5","544,2","550,9","550,9","537,5","537,5","537,5","550,9","557,6","544,2","537,5","537,5","537,5","550,9","537,5","537,5","537,5","537,5","537,5","537,5","537,5","537,5","537,5","537,5","537,5","537,5","537,5","537,5","537,5","537,5","537,5","537,5","537,5","537,5","537,5","537,5","537,5","537,5","537,5","537,5","537,5","537,5","537,5","537,5","537,5","537,5","537,5","537,5","537,5","537,5","537,5","537,5"
8021,Třinec,80,54081,3. 10. 2026,26. 9. 2026,"460,4","460,4","462,3","-1,8",99,100,96,98,96,92,92,91,91,89,89,89,88,86,86,86,86,86,86,86,86,87,86,86,85,86,86,85,85,85,85,85,85,86,86,85,85,85,85,85,85,85,85,85,85,85,85,86,86,86,85,86,"532,5","539,9","519,6","530,7","515,9","497,4","495,6","491,9","490,0","482,6","480,8","480,8","473,4","462,3","462,3","466,0","462,3","462,3","464,1","464,1","462,3","467,8","466,0","462,3","460,4","464,1","462,3","460,4","460,4","460,4","460,4","460,4","460,4","462,3","462,3","460,4","460,4","460,4","460,4","460,4","460,4","460,4","460,4","460,4","460,4","460,4","460,4","462,3","462,3","462,3","460,4","462,3","462,3","462,3","462,3","462,3","462,3","460,4","460,4"
8022,Vítkov,80,13241,3. 10. 2026,26. 9. 2026,"377,6","377,6","377,6","0,0",99,100,97,94,84,80,83,86,81,83,84,83,81,78,80,83,78,72,72,75,72,72,72,72,74,75,74,72,74,72,72,72,72,72,72,72,72,72,72,72,72,72,72,72,74,72,72,72,72,72,74,72,"513,6","521,1","506,0","490,9","438,0","415,4","430,5","445,6","422,9","430,5","438,0","430,5","422,9","407,8","415,4","430,5","407,8","377,6","377,6","392,7","377,6","377,6","377,6","377,6","385,2","392,7","385,2","377,6","385,2","377,6","377,6","377,6","377,6","377,6","377,6","377,6","377,6","377,6","377,6","377,6","377,6","377,6","377,6","377,6","385,2","377,6","377,6","377,6","377,6","377,6","385,2","377,6","377,6","377,6","377,6","377,6","377,6","377,6","377,6"
